URAU_CODE,population,population_year,city_name,latitude,longitude
AT001C1,1766746,2014,Wien,48.20843842145425,16.377868099114387
AT002C1,269997,2014,Graz,47.07506992312215,15.439360101621
AT003C1,193814,2014,Linz,48.28437691494306,14.316053088443915
AT004C1,146631,2014,Salzburg,47.797542412497116,13.046682085502555
AT005C1,124579,2014,Innsbruck,47.288811408941186,11.380553581105989
AT006C1,96640,2014,Klagenfurt,46.638857420884726,14.295726599030841
BE001C1,1183841,2014,Bruxelles / Brussel,50.836054371263224,4.370656523535053
BE002C1,513915,2014,Antwerpen,51.26056286963082,4.369609020208494
BE003C1,251984,2014,Gent,51.07446736846962,3.725537518376261
BE004C1,203640,2014,Charleroi,50.421065873698886,4.434635028059885
BE005C1,382637,2014,Liège,50.63519937674546,5.574437530436929
BE006C1,117886,2014,Brugge,51.24782386587193,3.2149930146059837
BE007C1,111348,2014,Namur,50.460451375147855,4.872576529068586
BE008C1,98591,2014,Leuven,50.88223087247345,4.705864025164426
BE009C1,95357,2014,Mons,50.45246987213028,3.971992525774527
BE010C1,75604,2014,Kortrijk,50.799990368199076,3.264490519712244
BE011C1,70681,2014,Oostende,51.2095373650252,2.9258125137344577
BG001C1,1221292,2014,Sofia,42.70551696319418,23.3597601566759
BG002C1,341041,2014,Plovdiv,42.143225968976566,24.73811416401724
BG003C1,335819,2014,Varna,43.20340497316684,27.916832175277843
BG004C1,199364,2014,Burgas,42.52555597439132,27.42299467523289
BG005C1,103122,2014,Pleven,43.40670796305364,24.618921160578704
BG006C1,147817,2014,Ruse,43.822060466188546,25.982584164516528
BG007C1,46068,2014,Vidin,43.99877345623604,22.860569150208004
BG008C1,137834,2014,Stara Zagora,42.42813646989186,25.623180167866323
BG009C1,89723,2014,Sliven,42.68773547135681,26.316734169341284
BG010C1,88807,2014,Dobrich,43.578742471764045,27.80369817371238
BG011C1,79710,2014,Shumen,43.269461470564465,26.944463171142
BG012C1,77382,2014,Pernik,42.59845846184436,23.053306656005358
BG013C1,72159,2014,Yambol,42.48233047223929,26.4944396709792
BG014C1,74826,2014,Haskovo,41.9296389721458,25.542088168630254
BG015C1,70728,2014,Pazardzhik,42.19534096709832,24.327804662631394
BG016C1,70583,2014,Blagoevgrad,42.00947246436749,23.08681115803094
BG017C1,68984,2014,Veliko Tarnovo,43.079845467747695,25.62110866588034
BG018C1,57771,2014,Vratsa,43.23997396137254,23.55123215592949
CH001C1,384786,2014,Zürich,47.38273439984919,8.530693069154056
CH002C1,191557,2014,Genève,46.20575739652619,6.141925066688275
CH003C1,167386,2014,Basel,47.55773339578749,7.593258563162677
CH004C1,128848,2014,Bern,46.94758889778004,7.406065567623315
CH005C1,132788,2014,Lausanne,46.55187039668483,6.652403067175164
CH006C1,105676,2014,Winterthur,47.49680889932342,8.734153568665132
CH007C1,74581,2014,St. Gallen,47.422147902418104,9.375244071685376
CH008C1,80501,2014,Luzern,47.05330140022183,8.29198906989693
CH009C2,62792,2014,Lugano,46.03893990595819,9.002330078980723
CH010C1,53031,2014,Biel/Bienne,47.14912339604931,7.261081565208611
CY001C1,244100,2014,Lefkosia,35.14037302348337,33.37872670714847
CY501C1,182400,2014,Lemesos,34.71757152466451,33.07050070575859
CZ001C1,1259079,2014,Praha,50.06679040878253,14.466016578335703
CZ002C1,377440,2014,Brno,49.20677741880377,16.588777594891873
CZ003C1,294200,2014,Ostrava,49.81409242160593,18.246209598864205
CZ004C1,169033,2014,Plzeň,49.740200906877654,13.372881574013196
CZ005C1,93409,2014,Ústí nad Labem,50.65828640501262,14.03929457142641
CZ006C1,99809,2014,Olomouc,49.59560241939472,17.273048095765557
CZ007C1,102562,2014,Liberec,50.76469040812116,15.05227907565524
CZ008C1,93285,2014,České Budějovice,48.98047241273934,14.480100585457983
CZ009C1,92808,2014,Hradec Králové,50.207933412485296,15.843718084458116
CZ010C1,89693,2014,Pardubice,50.0301924128273,15.763685585232949
CZ011C1,75112,2014,Zlín,49.223456922232,17.679122599800255
CZ012C1,68552,2014,Kladno,50.14862290778089,14.111100074941618
CZ013C1,49781,2014,Karlovy Vary,50.2234699033024,12.86242106885197
CZ014C1,50521,2014,Jihlava,49.405933414885624,15.582043087909287
CZ015C1,75049,2014,Havířov,49.7856654226444,18.439033099998888
CZ016C1,67089,2014,Most,50.51424790483534,13.614823069640101
CZ017C1,55985,2014,Karviná,49.841414422305476,18.53198010038031
CZ018C2,68842,2014,Chomutov-Jirkov,50.4804329040318,13.417391568869553
DE001C1,3421829,2014,Berlin,52.501530896616806,13.401850553093169
DE002C1,1746342,2014,Hamburg,53.54765288129551,10.011885524725471
DE003C1,1407836,2014,München,48.15320390650567,11.547254076048949
DE004C1,1034175,2014,Köln,50.94566738051823,6.973237033864535
DE005C1,701350,2014,Frankfurt am Main,50.11794838937907,8.64419104798588
DE006C1,569884,2014,Essen,51.433845879183174,7.017192530171523
DE007C1,604297,2014,Stuttgart,48.774544396573845,9.172073061100896
DE008C1,531562,2014,Leipzig,51.3421743975741,12.374768557730988
DE009C1,530754,2014,Dresden,51.06644140283357,13.78345606722441
DE010C1,575944,2014,Dortmund,51.51619438001541,7.474918531446702
DE011C1,598686,2014,Düsseldorf,51.23549487861018,6.810182031372937
DE012C1,548547,2014,Bremen,53.11898987870549,8.78077652242987
DE013C1,518386,2014,Hannover,52.37949938499312,9.769702535193039
DE014C1,498876,2014,Nürnberg,49.436396399893205,11.079280565577955
DE015C1,361734,2014,Bochum,51.46995537964628,7.224981530667992
DE017C1,328864,2014,Bielefeld,52.01097388211251,8.540624531567802
DE018C1,231565,2014,Halle an der Saale,51.47979639510236,11.96850205351074
DE019C1,231021,2014,Magdeburg,52.116520392190445,11.641389547202564
DE020C1,273871,2014,Wiesbaden,50.07915138867595,8.26036404763344
DE021C1,116891,2014,Göttingen,51.54304288849949,9.931497543021528
DE022C1,166640,2014,Mülheim a.d.Ruhr,51.41378187861767,6.878460528966548
DE023C1,103108,2014,Moers,51.45274387754454,6.619953527968776
DE025C1,149743,2014,Darmstadt,49.8815728901777,8.664752551021781
DE026C1,107233,2014,Trier,49.76293738416963,6.655074042345707
DE027C1,220286,2014,Freiburg im Breisgau,47.992567894820525,7.818127561720919
DE028C1,140276,2014,Regensburg,49.013068905598665,12.11373707312569
DE029C1,58018,2014,Frankfurt (Oder),52.3247649004686,14.49034356093271
DE030C1,63315,2014,Weimar,50.97834789502209,11.317873554175716
DE031C1,91583,2014,Schwerin,53.62152438570225,11.416586532541453
DE032C1,204880,2014,Erfurt,50.98310089461899,11.020322052825694
DE033C1,276542,2014,Augsburg,48.34556490354888,10.885508572119168
DE034C1,311287,2014,Bonn,50.70573238158499,7.109787036191952
DE035C1,299103,2014,Karlsruhe,49.011353392407834,8.412707055914462
DE036C1,255430,2014,Mönchengladbach,51.167213377697635,6.41196552920797
DE037C1,204268,2014,Mainz,49.9741868888696,8.241496548326493
DE039C1,241533,2014,Kiel,54.32481037893684,10.132401518118046
DE040C1,177201,2014,Saarbrücken,49.23980838684572,7.006883047778631
DE041C1,161468,2014,Potsdam,52.42620439516842,13.028432052113034
DE042C1,110643,2014,Koblenz,50.3485148846732,7.579551041474437
DE043C1,203431,2014,Rostock,54.147435385872484,12.143010531804284
DE044C1,97162,2014,Kaiserslautern,49.432887389340564,7.760699550120983
DE045C1,93119,2014,Iserlohn,51.38692638126249,7.669761533489279
DE046C1,89242,2014,Esslingen am Neckar,48.74129239665477,9.326524062338043
DE047C1,89907,2014,Hanau,50.12690989014562,8.934636549955178
DE048C1,75728,2014,Wilhelmshaven,53.56689837457074,8.087456015783188
DE049C1,89639,2014,Ludwigsburg,48.903693896039854,9.217481060612355
DE050C1,85383,2014,Tübingen,48.52770639644928,9.0479365620779
DE051C1,81128,2014,Villingen-Schwenningen,48.056008896290045,8.451935563085494
DE052C1,83971,2014,Flensburg,54.7849948749169,9.43853050954255
DE053C1,73125,2014,Marburg,50.80562138732394,8.753890543751451
DE054C1,81141,2014,Konstanz,47.70672240066936,9.15033106913823
DE055C1,77058,2014,Neumünster,54.08112787903513,9.984472019472745
DE056C1,71032,2014,Brandenburg an der Havel,52.402725894400675,12.519329049474262
DE057C1,77733,2014,Gießen,50.57895288812657,8.68261304458783
DE058C1,71668,2014,Lüneburg,53.24105588387,10.416634030696102
DE059C1,71572,2014,Bayreuth,49.93774389983969,11.584672063849112
DE060C1,68508,2014,Celle,52.64497738484285,10.094527533932146
DE061C1,67844,2014,Aschaffenburg,49.96385639148349,9.145813551996337
DE062C1,71167,2014,Bamberg,49.88722939822063,10.898923561603446
DE063C1,63967,2014,Plauen,50.49836689985864,12.135917562416262
DE064C1,63437,2014,Neubrandenburg,53.54158089238591,13.248887042855914
DE065C1,65036,2014,Fulda,50.563119891293475,9.652308549532624
DE066C1,65044,2014,Kempten (Allgäu),47.738184403723174,10.308118073274011
DE067C1,66179,2014,Landshut,48.544677906951016,12.159500077019207
DE068C1,61669,2014,Sindelfingen,48.71228889584322,9.004088061300617
DE069C1,60464,2014,Rosenheim,47.84438640944927,12.108726081653439
DE070C1,47332,2014,Frankenthal (Pfalz),49.53306439024437,8.356883051956707
DE071C1,57301,2014,Stralsund,54.296519388546514,13.080091035541377
DE072C1,57153,2014,Friedrichshafen,47.688087901054374,9.474579570321591
DE073C1,57448,2014,Offenburg,48.47773439317523,7.943812058910158
DE074C1,54042,2014,Görlitz,51.14150940614976,14.96651757270801
DE075C1,54285,2014,Sankt Augustin,50.77139638182752,7.190049035837384
DE076C1,54969,2014,Neu-Ulm,48.380619401011565,10.052748067737827
DE077C1,51851,2014,Schweinfurt,50.04701339475063,10.220901056238937
DE078C1,56445,2014,Greifswald,54.088827890986025,13.41406853971895
DE079C1,51135,2014,Wetzlar,50.56606988692599,8.513910544789255
DE080C1,49740,2014,Speyer,49.3297428914428,8.435049054416421
DE081C1,49454,2014,Passau,48.58209841052843,13.415076582841168
DE082C1,83616,2014,Dessau-Roßlau,51.85378389543849,12.23099755165913
DE501C1,486855,2014,Duisburg,51.43959237765366,6.7347795282464915
DE502C1,296690,2014,Mannheim,49.49939039089092,8.50036605281845
DE503C1,257850,2014,Gelsenkirchen,51.553981878407825,7.071300528531453
DE504C1,299708,2014,Münster,51.95436887888235,7.623639027461885
DE505C1,242022,2014,Chemnitz,50.82634040128421,12.9117920642305
DE506C1,247227,2014,Braunschweig,52.27524588754991,10.524133540281484
DE507C1,241683,2014,Aachen,50.75939287808451,6.109887031564927
DE508C1,222058,2014,Krefeld,51.34522687733361,6.5796095291155146
DE509C1,209097,2014,Oberhausen,51.513128377845206,6.847115028181039
DE510C1,212958,2014,Lübeck,53.87249788208028,10.72754902659134
DE511C1,185996,2014,Hagen,51.348172880762114,7.497630032724374
DE513C1,194087,2014,Kassel,51.31149538763535,9.460352542220855
DE514C1,176048,2014,Hamm,51.665211381020114,7.8235420313635515
DE515C1,154417,2014,Herne,51.53749237919459,7.208648029868081
DE516C1,155768,2014,Solingen,51.16230738006394,7.06628903236975
DE517C1,156315,2014,Osnabrück,52.27766837931611,8.04696802674818
DE518C1,161518,2014,Ludwigshafen am Rhein,49.48207789117772,8.396846052139768
DE519C1,160819,2014,Leverkusen,51.053108379966275,7.015400532717327
DE520C1,159610,2014,Oldenburg (Oldenburg),53.14457437671535,8.224344019822796
DE521C1,152252,2014,Neuss,51.172962379057395,6.70211853108427
DE522C1,152113,2014,Heidelberg,49.40551389271546,8.694181054770484
DE523C1,143659,2014,Paderborn,51.73023938349916,8.754223036174471
DE524C1,124698,2014,Würzburg,49.78465589502347,9.940895557516175
DE525C1,115320,2014,Recklinghausen,51.60496487914513,7.213222529776251
DE526C1,122457,2014,Wolfsburg,52.41075638770448,10.784893039869464
DE527C1,108844,2014,Bremerhaven,53.538155875809295,8.586547518681423
DE528C1,116055,2014,Bottrop,51.57158937765328,6.920244028438734
DE529C1,118122,2014,Heilbronn,49.15271189459014,9.182341058044212
DE530C1,108955,2014,Remscheid,51.18268788063027,7.224330532875051
DE531C1,119203,2014,Offenbach am Main,50.09105538991769,8.780967550203508
DE532C1,119218,2014,Ulm,48.39085690011072,9.950022568045839
DE533C1,117754,2014,Pforzheim,48.87641789444893,8.712881558869974
DE534C1,129136,2014,Ingolstadt,48.75510790395504,11.395006571924819
DE535C1,94977,2014,Gera,50.89400539806924,12.0827130595645
DE536C1,98197,2014,Salzgitter,52.124472388055246,10.370744539659059
DE537C1,111357,2014,Reutlingen,48.493897397838694,9.188205063887493
DE538C1,119808,2014,Fürth,49.491419899852005,10.965486064572257
DE539C1,99595,2014,Cottbus,51.77269040280136,14.366279564981237
DE540C1,99403,2014,Siegen,50.88107538426582,8.011704039981241
DE541C1,109425,2014,Bergisch Gladbach,50.97915388117019,7.154347033855992
DE542C1,99979,2014,Hildesheim,52.14473388611619,9.9438505374657
DE543C1,95629,2014,Witten,51.42741487983642,7.331019031214043
DE544C1,91564,2014,Zwickau,50.728460899760066,12.481333062422173
DE545C1,105624,2014,Erlangen,49.5823313994239,10.978145064198033
DE546C1,343488,2014,Wuppertal,51.25060738029886,7.168951032921459
DE547C1,107679,2014,Jena,50.92425789590285,11.587025555867543
DK001C1,559440,2013,København,55.67543938195679,12.552657018524194
DK002C1,319094,2013,Århus,56.16269187195881,10.157502999381077
DK003C1,193370,2013,Odense,55.385056375744306,10.371786008548263
DK004C2,203448,2013,Aalborg,57.012916367985575,9.962707487244456
EE001C1,411063,2014,Tallinn,59.42500940617369,24.743656064905927
EE002C1,98449,2014,Tartu,58.37016841564585,26.72842409000298
EE003C1,59049,2014,Narva,59.354172914831686,28.108814091043314
EL001C1,664046,2011,Athina,37.988880483280404,23.73603517129472
EL002C1,315196,2011,Thessaloniki,40.62293646952733,22.95184116183397
EL003C1,170896,2011,Pátra,38.214336976784075,21.805594163306193
EL004C1,151324,2011,Irakleio,35.27976899957921,25.115065180647274
EL005C1,146926,2011,Larisa,39.64421147199142,22.40558016154085
EL006C1,86046,2011,Volos,39.34548097528562,22.93501316432436
EL007C1,80371,2011,Ioannina,39.654729468125026,20.82782265643668
EL008C1,58790,2011,Kavala,40.979182972194565,24.463033666831368
EL009C1,62409,2011,Kalamata,37.072808983022306,22.181474166850766
ES001C1,3165235,2014,Madrid,40.465380890314236,-3.696280422676111
ES002C1,1602386,2014,Barcelona,41.40100090411096,2.150637084471251
ES003C1,786424,2014,Valencia,39.41977690574208,-0.35983990923487325
ES004C1,696676,2014,Sevilla,37.392285400539635,-5.956866406958571
ES005C1,666058,2014,Zaragoza,41.68078239347294,-0.9275409243012062
ES006C1,566913,2014,Málaga,36.76757990911765,-4.424080401799079
ES007C1,439712,2014,Murcia,37.92159091165832,-1.1071629023272456
ES009C1,306830,2014,Valladolid,41.66161388072258,-4.7772079323302865
ES010C1,399093,2014,Palma de Mallorca,39.55634941498357,2.715247597207042
ES011C1,95800,2014,Santiago de Compostela,42.91051536297998,-8.51712144735017
ES012C1,242082,2014,Vitoria/Gasteiz,42.850407382116266,-2.687884436724892
ES013C1,223765,2014,Oviedo,43.34962136912412,-5.873599447233152
ES014C1,196166,2014,Pamplona/Iruña,42.81501538516433,-1.651494433465104
ES015C1,175736,2014,Santander,43.464654874892915,-3.8331669432158946
ES016C1,83334,2014,Toledo,39.87003489324102,-4.015114419410621
ES017C1,150517,2014,Badajoz,38.87053889027136,-6.850907917165126
ES018C1,151962,2014,Logroño,42.463664384177186,-2.4539619330134617
ES019C1,346574,2014,Bilbao,43.25410187889301,-2.9376669401344504
ES020C1,328041,2014,Córdoba,37.84926040197261,-4.701797908139346
ES021C1,332067,2014,Alicante/Alacant,38.382946411094196,-0.5377914037629685
ES022C1,294997,2014,Vigo,42.20336886614395,-8.722581942020899
ES023C1,275735,2014,Gijón,43.49978636888817,-5.6822869467944805
ES024C1,253518,2014,L'Hospitalet de Llobregat,41.35817290463475,2.112358584741604
ES026C1,244810,2014,A Coruña,43.345738860373054,-8.42264845074498
ES027C1,100080,2014,Barakaldo,43.26882987914452,-3.003338940434697
ES028C1,104962,2014,Reus,41.14882790225074,1.1202665837324655
ES030C1,125323,2014,Parla,40.230647391882336,-3.766784421641035
ES031C1,98560,2014,Lugo,43.001278365448705,-7.564831447430914
ES032C1,96335,2014,San Fernando,36.45280590549791,-6.204657402048058
ES033C1,97227,2014,Girona,41.98476290368926,2.835466583068038
ES034C1,95855,2014,Cáceres,39.37077088803787,-6.449208919585152
ES035C1,91415,2014,Torrevieja,38.000234412124314,-0.7046404021469681
ES036C1,84360,2014,Pozuelo de Alarcón,40.42873439045935,-3.8136684225206308
ES037C1,88700,2014,"Puerto de Santa María, El",36.63129090472013,-6.235136902784689
ES038C1,88847,2014,Coslada,40.42684239119418,-3.5529134216178733
ES039C1,81659,2014,Avilés,43.55910186753401,-5.919127448180072
ES040C1,86779,2014,Talavera de la Reina,39.95376988974032,-4.849209421373699
ES041C1,80178,2014,Palencia,41.98328437997612,-4.5652984345328855
ES042C1,83107,2014,Sant Boi de Llobregat,41.335034903991556,2.0421400853161833
ES043C1,70389,2014,Ferrol,43.50967786065056,-8.270126951359712
ES044C1,82946,2014,Pontevedra,42.43718286465904,-8.619527444185739
ES045C1,84963,2014,Ceuta,35.891973911241394,-5.340382398246151
ES046C1,76497,2014,Gandia,38.98423790871062,-0.21552940681567181
ES047C1,92784,2014,"Rozas de Madrid, Las",40.5217683899831,-3.891831923829904
ES048C1,83720,2014,Guadalajara,40.63997939133624,-3.1761824227709656
ES049C1,87118,2014,Sant Cugat del Vallès,41.46192340327678,2.0730930837298502
ES050C1,75297,2014,Manresa,41.72061140170254,1.8257015822520206
ES051C1,79544,2014,Getxo,43.35580637825836,-3.0096439410658786
ES052C1,74353,2014,Rubí,41.501573403302736,2.014774083894485
ES053C1,74960,2014,Ciudad Real,38.970986897625686,-3.9735934136369524
ES054C1,69010,2014,Benidorm,38.554859911415264,-0.12886940458881435
ES056C1,65358,2014,Viladecans,41.30315840464265,2.0318305852955763
ES057C1,67367,2014,Ponferrada,42.49720537126505,-6.564168941056154
ES058C1,83329,2014,San Sebastián de los Reyes,40.575026389996225,-3.599447923355206
ES059C1,64423,2014,Zamora,41.51635937870772,-5.805541933323328
ES060C1,75856,2014,Fuengirola,36.558180409750946,-4.614734900824573
ES061C1,57402,2014,Cerdanyola del Vallès,41.480640404031334,2.1228015841959436
ES062C1,67385,2014,Sanlúcar de Barrameda,36.80672990345276,-6.308287404688379
ES063C1,65941,2014,Vilanova i la Geltrú,41.237110903345695,1.7048660850136077
ES064C1,62866,2014,"Prat de Llobregat, El",41.31027540451861,2.096045085538902
ES065C1,63132,2014,"Línea de la Concepción, La",36.190721909513115,-5.346381399646157
ES066C1,86234,2014,Cornellà de Llobregat,41.35528940456534,2.076875584854104
ES067C1,70359,2014,Majadahonda,40.468714890176805,-3.894949922820187
ES068C1,67353,2014,Torremolinos,36.62559240944116,-4.516180400707185
ES069C1,63255,2014,Castelldefels,41.27670790386773,1.9705980846493159
ES070C1,61195,2014,Irun,43.31873038258764,-1.7845034379664164
ES071C1,59930,2014,Granollers,41.593525403716455,2.2789555835879285
ES072C1,56880,2014,Arrecife,28.97854294179102,-13.565077862625241
ES073C1,53540,2014,Elda,38.474896409986,-0.8206519057382285
ES075C1,51719,2014,Mollet del Vallès,41.54895790389979,2.210031084640469
ES501C1,237540,2014,Granada,37.185699408742785,-3.5914029025348517
ES503C1,217210,2014,Badalona,41.46186490455934,2.236704085113816
ES504C1,205712,2014,Móstoles,40.318624891242656,-3.8901309216716315
ES505C1,228647,2014,Elche/Elx,38.24715291159852,-0.6646684037355092
ES506C1,216451,2014,Cartagena,37.63902391353102,-0.9899714008787837
ES507C1,207444,2014,Sabadell,41.55519140343855,2.101757583949107
ES508C1,212226,2014,Jerez de la Frontera,36.68199390472923,-5.966735902984473
ES509C1,195864,2014,Fuenlabrada,40.28307939159568,-3.7965434220315553
ES510C1,186126,2014,San Sebastián/Donostia,43.29519338225914,-1.9880134386287611
ES511C1,200768,2014,Alcalá de Henares,40.49450239116985,-3.3696329220176966
ES512C1,215517,2014,Terrassa,41.57530590297708,2.0081330832306303
ES513C1,186696,2014,Leganés,40.3306623911729,-3.7713179224553457
ES514C1,193351,2014,Almería,36.875505914321366,-2.342179899224972
ES515C1,177776,2014,Burgos,42.351461380724395,-3.6820864352715788
ES516C1,148042,2014,Salamanca,40.961792381851396,-5.6795789299195345
ES517C1,170336,2014,Alcorcón,40.35836739071104,-3.837062922815895
ES518C1,173057,2014,Getafe,40.29910889143343,-3.6732709220646
ES519C1,172487,2014,Albacete,38.95620290434851,-1.8917539100237637
ES520C1,173841,2014,Castellón de la Plana/Castelló de la Plana,39.99805590449294,-0.04474341247375672
ES521C1,147212,2014,Huelva,37.27300089915513,-6.929785408237093
ES522C1,121739,2014,Cádiz,36.49430590504107,-6.266364402605647
ES523C1,129551,2014,León,42.58851037424439,-5.576266940825095
ES525C1,132199,2014,Tarragona,41.13345190281898,1.2718605837640236
ES526C1,118738,2014,Santa Coloma de Gramenet,41.45777090381716,2.206076585017313
ES527C1,115837,2014,Jaén,37.80916290503383,-3.751361906425921
ES528C1,139176,2014,Lleida,41.63132989830679,0.5814230789364093
ES529C1,106905,2014,Ourense,42.350734867897806,-7.889780943071022
ES530C1,124280,2014,Mataró,41.55425840458881,2.446761584124407
ES531C1,130369,2014,Dos Hermanas,37.256931402037836,-5.962500906095097
ES532C1,117974,2014,Algeciras,36.106560409881666,-5.479430898831673
ES533C1,138679,2014,Marbella,36.514259409070796,-4.876105400932806
ES534C1,126878,2014,Torrejón de Ardoz,40.469961891332964,-3.460343921824383
ES535C1,112188,2014,Alcobendas,40.53452639031326,-3.62998342341204
FI001C2,620715,2014,Helsinki / Helsingfors,60.222317903359645,25.019820057125074
FI002C1,220446,2014,Tampere / Tammerfors,61.62951439537203,23.881629532107766
FI003C1,182072,2014,Turku / Åbo,60.49033939516898,22.288528033252533
FI004C2,193798,2014,Oulu / Uleåborg,65.03555638725337,26.14643950534666
FI005C1,265543,2014,Espoo / Esbo,60.24006840279773,24.668580555519668
FI006C1,208098,2014,Vantaa / Vanda,60.3133219026567,24.950644557000448
FI007C1,103364,2014,Lahti / Lahtis,60.97809390273465,25.68338455553714
FI008C1,110113,2014,Kuopio,62.84039940037092,27.653604049006162
FI009C1,134658,2014,Jyväskylä,62.13101189777182,25.6473395417348
FR001C1,2220445,2014,Paris,48.85660037259063,2.342805032028295
FR003C2,1351078,2014,Lyon,45.75795939368164,4.856702566124633
FR004C2,746919,2014,Toulouse,43.627354391889114,1.4132455691666788
FR006C2,477655,2014,Strasbourg,48.57227089187239,7.726775556141394
FR007C1,753601,2014,Bordeaux,44.879346379245696,-0.6311789451725183
FR008C1,619240,2014,Nantes,47.22488436562192,-1.5937274662741499
FR009C1,1133920,2014,Lille,50.65001386778346,3.047986019489509
FR010C1,450051,2014,Montpellier,43.615608899928596,3.863217075771536
FR011C1,375242,2014,Saint-Etienne,45.47030839398074,4.467540065595988
FR012C1,236391,2014,Le Havre,49.52896086187299,0.17839151823621702
FR013C2,420363,2014,Rennes,48.100654361153055,-1.692979474591145
FR014C2,175201,2014,Amiens,49.86702986824254,2.2898070229693865
FR016C1,254788,2014,Nancy,48.67342238626005,6.193630049729436
FR017C2,216029,2014,Metz,49.10507788493888,6.13815804551904
FR018C1,210798,2014,Reims,49.25769537696449,4.03589553518779
FR019C1,279549,2014,Orléans,47.897835874459474,1.9293650391825232
FR020C2,249025,2014,Dijon,47.30757738828487,5.051027555580588
FR021C2,136069,2014,Poitiers,46.58733387471164,0.3274160446731397
FR023C2,217659,2014,Caen,49.20334786114989,-0.34953197927652935
FR024C2,197700,2014,Limoges,45.84915388172857,1.2497255532217444
FR025C1,178853,2014,Besançon,47.24126939210671,6.025118058979258
FR026C2,409490,2014,Grenoble,45.14822939899123,5.686440073058086
FR027C1,83756,2014,Ajaccio,41.97498042250928,8.774687601821292
FR032C2,427839,2014,Toulon,43.11990090877171,6.040283086365885
FR034C2,191544,2014,Valenciennes,50.378073870640755,3.5632435236260798
FR035C2,283071,2014,Tours,47.373853372297425,0.6137315392015323
FR036C2,272621,2014,Angers,47.49312486771021,-0.5810319664278287
FR037C1,207726,2014,Brest,48.39961884954913,-4.470482484674211
FR038C2,185053,2014,Le Mans,47.98873236845262,0.21106103231656625
FR039C2,180619,2014,Avignon,43.953002901412646,4.839503077206327
FR040C2,254678,2014,Mulhouse,47.77093639414953,7.3300340603388845
FR042C1,194468,2014,Dunkerque,51.00100636334806,2.2967315126206356
FR043C2,264105,2014,Perpignan,42.74958990051725,2.8467865787503435
FR044C2,245607,2014,Nîmes,43.80736490091554,4.378942077242337
FR045C2,145774,2014,Pau,43.2826853876567,-0.3722204338706744
FR046C2,125992,2014,Bayonne,43.482612382491986,-1.5133519381453457
FR047C2,88276,2014,Annemasse,46.20041989717533,6.289894567336416
FR048C1,146154,2014,Annecy,45.90061589730294,6.100220069135587
FR049C2,187859,2014,Lorient,47.80134135679018,-3.3249259769566875
FR050C2,115356,2014,Montbéliard,47.485550893408245,6.831912560307601
FR051C2,127595,2014,Troyes,48.27721338058435,4.066192544206678
FR052C2,122165,2014,Saint-Nazaire,47.34079986296039,-2.203182469286824
FR053C1,149937,2014,La Rochelle,46.16617337205374,-1.1020469563913409
FR056C1,104195,2014,Angoulême,45.6499288780671,0.14230205045206248
FR057C2,116589,2014,Boulogne-sur-Mer,50.69183736189913,1.6467350134468675
FR058C2,127027,2014,Chambéry,45.57797889830364,5.9481615702898845
FR059C2,106018,2014,Chalon-sur-Saône,46.805479889512796,4.825558558592959
FR060C2,110879,2014,Chartres,48.452324370771,1.496310032513522
FR061C2,105297,2014,Niort,46.29864987301512,-0.5395804568626789
FR062C1,99704,2014,Calais,50.94499836187919,1.8798490117339297
FR063C2,115420,2014,Béziers,43.353614398673955,3.2586780755120843
FR064C2,93235,2014,Arras,50.28972036821663,2.802113521960285
FR065C2,96905,2014,Bourges,47.059812880088806,2.379429047592682
FR066C1,115719,2014,Saint-Brieuc,48.49921785565733,-2.7719289819654294
FR067C2,87698,2014,Quimper,48.01221985258995,-4.128964980725497
FR068C2,136894,2014,Vannes,47.66504535932285,-2.702107474140962
FR069C1,80959,2014,Cherbourg,49.6316473546893,-1.6209279886203396
FR073C2,73461,2014,Tarbes,43.24015338868553,0.05803806715053958
FR074C2,70718,2014,Compiègne,49.38713287241002,2.838940030568439
FR076C2,96203,2014,Belfort,47.61941289324211,6.8729790603851875
FR077C1,67993,2014,Roanne,46.04612238951503,4.057159560497389
FR079C2,72597,2014,Saint-Quentin,49.8608978714951,3.337079528323095
FR082C2,79389,2014,Beauvais,49.43574136874851,2.0672065264676034
FR084C1,73717,2014,Creil,49.26642637108732,2.464789029563844
FR086C2,81475,2014,Evreux,49.02350136768332,1.1532275269257581
FR090C2,71689,2014,Châteauroux,46.77137087943772,1.7550700478615409
FR093C2,77759,2014,Brive-la-Gaillarde,45.17146838508353,1.510604057882515
FR096C2,81862,2014,Albi,43.91192689287589,2.155054068989138
FR099C1,88078,2014,Fréjus,43.465275910217635,6.802734086599758
FR104C2,63966,2014,Châlons-en-Champagne,48.97336987895588,4.3760175397538905
FR201C1,104073,2014,Aubagne,43.34013890647406,5.627731083682787
FR202C1,362907,2014,Aix-en-Provence,43.55953090531977,5.476362082306238
FR203C1,1054116,2014,Marseille,43.307875405980376,5.421837583654458
FR205C2,521504,2014,Nice,43.80641840930204,7.234116085927058
FR206C1,174122,2014,CA de Sophia-Antipolis,43.674401909397574,7.029474586441971
FR207C1,242586,2014,Lens - Liévin,50.42953386782166,2.7864210198620905
FR208C1,124841,2014,Hénin - Carvin,50.43936736808637,2.969306021579718
FR209C2,150123,2014,Douai,50.356982368687014,3.1182370228728056
FR210C1,87601,2014,Marne la Vallée,48.83448737389854,2.6300285340224745
FR211C1,182515,2014,Versailles,48.79591087140219,2.1136025320060545
FR212C1,171347,2014,CC de la Boucle de la Seine,48.91330687161984,2.158149031397703
FR213C1,19536,2014,Sénart en Essonne,48.61210037393475,2.512943035789901
FR214C1,120475,2014,Valence,44.897317397740146,4.96472157226869
FR215C2,489923,2014,Rouen,49.413053365082355,1.02747902247825
FR216C1,78216,2014,CA Marne et Chantereine,48.886514373334435,2.611557532966585
FR217C1,65905,2014,CA des deux Rives de la Seine,48.97420987094813,2.0022935303472407
FR218C1,37182,2014,CC des Coteaux de la Seine,48.85495737146611,2.1269640314721103
FR219C1,143182,2014,CA Europ' Essonne,48.696008872878494,2.284194533921856
FR220C1,61089,2014,CA Brie Francilienne,48.78833487373068,2.637490534622965
FR221C1,54972,2014,CA les Portes de l'Essonne,48.71249837338541,2.375413534194853
FR222C1,86384,2014,CA Val et Forêt,49.0084803713987,2.2634110316867826
FR223C1,47930,2014,CC de l'Ouest de la Plaine de France,49.02654687201123,2.334769031495542
FR224C1,94139,2014,CA le Parisis,48.996970371099934,2.1724085301679756
FR304C1,110209,2014,Melun,48.54207987436217,2.6444520366987825
FR305C1,88978,2014,Meaux,48.963876873687234,2.890435033359788
FR306C1,91748,2014,Mantes en Yvelines,48.98421336913273,1.694580529420814
FR308C1,116430,2014,Evry,48.61686837365009,2.4191145352710595
FR309C1,100039,2014,CA du Plateau de Saclay,48.713575371936194,2.1697135331152637
FR310C1,71836,2014,CA de Seine Essonne,48.61658937408906,2.4782470349389474
FR311C1,131668,2014,CA du Val d'Orge,48.62561087320233,2.3248675339098615
FR312C1,92146,2014,CA du Val d'Yerres,48.6986148736296,2.505567034200092
FR313C1,83823,2014,CA Sénart - Val de Seine,48.689737372987736,2.435590534870598
FR322C1,140658,2014,CA Val de France,48.99060787200509,2.3976625310518513
FR323C1,109781,2014,CA de la Vallée de Montmorency,48.98455887147118,2.318263032169047
FR324C1,72077,2014,Martigues,43.39972390474809,5.03637708140908
FR501C1,137296,2014,Argenteuil - Bezons,48.94657287158733,2.2348700313728536
FR504C1,197985,2014,Cergy-Pontoise,49.04072837048779,2.0606825304016363
FR505C1,66831,2014,Charleville-Mézières,49.775903377403566,4.732170033829975
FR506C1,98002,2014,Colmar,48.085337393105284,7.363170058056611
FR512C1,59645,2014,CA des Lacs de l'Essonne,48.66385237300838,2.3797255346869215
FR518C1,144881,2014,Saint-Quentin en Yvelines,48.76633137204678,2.026301532201909
HR001C1,793049,2014,Zagreb,45.80990792970964,16.000011611245
HR002C1,124838,2014,Rijeka,45.344703426104154,14.430731106082781
HR003C1,57764,2014,Slavonski Brod,45.16320493808506,18.000779123804193
HR004C1,106345,2014,Osijek,45.5275129384109,18.71963512517493
HR005C1,175353,2014,Split,43.51251993943064,16.514543624099534
HU001C1,1744665,2014,Budapest,47.48387093258584,19.107573117792477
HU002C1,161265,2014,Miskolc,48.09272843522887,20.69939162212796
HU003C1,118164,2014,Nyíregyháza,47.93855093845752,21.70849712777077
HU004C1,146581,2014,Pécs,46.087509435030476,18.24162962013968
HU005C1,203914,2014,Debrecen,47.530332439527804,21.66582162905771
HU006C1,161921,2014,Szeged,46.24993794046229,20.142585628920287
HU007C1,128902,2014,Gyõr,47.6776584277145,17.663745609003414
HU008C1,112071,2014,Kecskemét,46.9098299362938,19.680177623356105
HU009C1,99060,2014,Székesfehérvár,47.189742931786576,18.444751115178878
HU010C1,77566,2014,Szombathely,47.2208564257584,16.62229960686854
IE001C1,516255,2011,Dublin,53.35916231997213,-6.258341542015994
IE002C1,118713,2011,Cork,51.89602031853961,-8.466781530428602
IE003C1,56980,2011,Limerick,52.66262581405197,-8.625555539659441
IE004C1,73963,2011,Galway,53.283237808962944,-9.049485548225405
IE005C1,46583,2011,Waterford,52.245582321703445,-7.1144725310998025
IS001C1,121526,2014,Reykjavík,64.15863219443466,-21.673627762292814
IT001C1,2863322,2014,Roma,41.88561543435591,12.46086161630812
IT002C1,1324169,2014,Milano,45.46844740918378,9.1729385842972
IT003C1,989111,2014,Napoli,40.85667344334207,14.23935662736585
IT004C1,902137,2014,Torino,45.071739405866,7.678005080342866
IT005C1,678492,2014,Palermo,38.13025245236106,13.331011134941448
IT006C1,596958,2014,Genova,44.44156991244938,8.89315058906256
IT007C1,377207,2014,Firenze,43.77995842256664,11.244961101413736
IT008C1,322751,2014,Bari,41.103025450431346,16.84579913559207
IT009C1,384202,2014,Bologna,44.49798042031044,11.333439598403153
IT010C1,315576,2014,Catania,37.4420889608842,15.035896142551264
IT011C1,264534,2014,Venezia,45.48492541898035,12.282451096688764
IT012C1,259966,2014,Verona,45.448699915073064,11.002231091052359
IT013C1,71184,2014,Cremona,45.14090491291037,10.029638089520516
IT014C1,117285,2014,Trento,46.06150091315179,11.110758088732357
IT015C1,204849,2014,Trieste,45.664012922762744,13.798628602691307
IT016C1,166030,2014,Perugia,43.13647642836103,12.395000109643219
IT017C1,101742,2014,Ancona,43.57271542999774,13.491882111664147
IT019C1,121325,2014,Pescara,42.45588343697574,14.203268120294506
IT020C1,49392,2014,Campobasso,41.567641442252864,14.66261212579916
IT021C1,77099,2014,Caserta,41.08744944266304,14.357478125979526
IT022C1,203257,2014,Taranto,40.46275595386638,17.30339513976883
IT023C1,67403,2014,Potenza,40.659254949278385,15.806815133931151
IT024C1,91028,2014,Catanzaro,38.88987795855836,16.60271414307419
IT025C1,184937,2014,Reggio di Calabria,38.112779459610636,15.718228641949086
IT026C1,127715,2014,Sassari,40.74465292593446,8.364321607548721
IT027C1,154019,2014,Cagliari,39.22503093531346,9.088443116012417
IT028C1,209678,2014,Padova,45.403377418376884,11.883195094829599
IT029C1,193599,2014,Brescia,45.53257591207938,10.225977587344559
IT030C1,184525,2014,Modena,44.64406441804697,10.915503595043043
IT031C1,153143,2014,Foggia,41.45626044482284,15.583627129442013
IT032C1,133885,2014,Salerno,40.6778534456721,14.810277129442747
IT033C1,102404,2014,Piacenza,45.04142091252291,9.717831588105645
IT034C1,105713,2014,Bolzano,46.48577541253065,11.348710086633416
IT035C1,99528,2014,Udine,46.06405592021066,13.2455665968825
IT036C1,94535,2014,La Spezia,44.10998841689152,9.82114409389303
IT037C1,93302,2014,Lecce,40.40396895679858,18.178263643880843
IT038C1,94903,2014,Barletta,41.289038448008355,16.216274632292514
IT039C1,94705,2014,Pesaro,43.886494427144704,12.863568107326913
IT040C1,84834,2014,Como,45.80424840739115,9.08100358094321
IT041C1,88627,2014,Pisa,43.67233192024174,10.354228099217437
IT042C1,83145,2014,Treviso,45.663813917793014,12.227752595522206
IT043C1,80927,2014,Varese,45.82403590706334,8.812868079738466
IT044C1,81744,2014,Busto Arsizio,45.606275407227784,8.842184581616253
IT045C1,76135,2014,Asti,44.91326340810018,8.1943485833853
IT046C1,71297,2014,Pavia,45.19770441066062,9.164637085782386
IT047C1,70202,2014,Massa,44.05492191784631,10.161428596070104
IT048C1,67910,2014,Cosenza,39.27846795629176,16.27141964030653
IT049C1,62737,2017,Carrara,44.081971418071426,10.093973095226533
IT050C1,59945,2017,Benevento,41.14909144422819,14.782924127562175
IT051C1,54824,2017,Sanremo,43.83810191087692,7.767466587944575
IT052C1,61761,2014,Savona,44.336124411206114,8.42325908763853
IT053C1,60109,2011,Vigevano,45.30772590887272,8.86814958389892
IT054C1,60556,2014,Matera,40.66978295143875,16.578756136134086
IT055C1,62343,2017,Viareggio,43.85444641934386,10.26754859727782
IT056C1,52792,2014,Acireale,37.634357959947565,15.160679141778093
IT057C1,55448,2014,Avellino,40.91381494451588,14.788217628576048
IT058C1,51758,2014,Pordenone,45.953833918490616,12.657187595573467
IT059C1,44616,2017,Biella,45.59237540483773,8.020256578538904
IT060C1,48131,2014,Lecco,45.85760540867954,9.422823582638857
IT501C1,241997,2014,Messina,38.19112595836098,15.510482641305831
IT502C1,191268,2014,Prato,43.878147421220824,11.084793600790404
IT503C1,187938,2014,Parma,44.79366391541514,10.327611592076831
IT504C1,160512,2014,Livorno,43.521966920899374,10.349425599967866
IT505C1,172525,2014,Reggio nell'Emilia,44.69741841727412,10.634691594164424
IT506C1,158784,2014,Ravenna,44.412846923011635,12.193155602555416
IT507C1,133423,2014,Ferrara,44.82284891973251,11.649245597927543
IT508C1,146856,2014,Rimini,44.03883492587881,12.530451105378036
IT509C1,122304,2014,Siracusa,37.03932796322932,15.213672144690218
IT510C1,123151,2014,Monza,45.58529590953844,9.276116584045809
IT511C1,118717,2014,Bergamo,45.69655290969231,9.663964583803011
IT512C1,118359,2014,Forlì,44.22741842363969,12.04982910304376
IT513C1,125375,2014,Latina,41.46640793718294,12.87789111952216
IT514C1,113655,2014,Vicenza,45.544944916837515,11.554002593195932
IT515C1,112227,2014,Terni,42.57957443197261,12.660577112759864
IT516C1,104736,2014,Novara,45.43958940760319,8.615682581340025
IT517C1,120157,2014,Giugliano in Campania,40.929103443080805,14.101687626619453
LT001C1,539707,2014,Vilnius,54.69257442468522,25.2724331085295
LT002C1,304012,2014,Kaunas,54.89930642044836,23.9323405989904
LT003C1,96328,2014,Panevėžys,55.73042941865411,24.346777094785477
LT004C1,56357,2014,Alytus,54.40111742201542,24.036206602594852
LT501C1,157305,2014,Klaipėda,55.70765640971808,21.15206307358489
LT502C1,105610,2014,Šiauliai,55.90500491457379,23.324823586631563
LU001C1,107247,2014,Luxembourg,49.613578882884994,6.126438541598528
LV001C1,643368,2014,Rīga,56.97808391285029,24.122314583343496
LV002C1,71926,2014,Liepāja,56.54099690617786,21.0361780660172
LV003C1,57332,2014,Jelgava,56.651020913234255,23.716421082652815
LV501C1,87403,2014,Daugavpils,55.89088892412638,26.542079608916758
MT001C1,5730,2016,Valletta,35.88699496638088,14.495450645437286
NL001C1,514861,2015,'s-Gravenhage,52.06846386666703,4.300611511666192
NL002C1,810938,2014,Amsterdam,52.372927867672,4.889001010591849
NL003C1,618357,2014,Rotterdam,51.92429436692899,4.329424013166939
NL004C1,328164,2014,Utrecht,52.09112536945283,5.074702514680781
NL005C1,220920,2014,Eindhoven,51.45002537316682,5.458861022635117
NL006C1,210267,2014,Tilburg,51.57964687107173,5.068520520142195
NL007C1,198317,2014,Groningen,53.22222736978757,6.563383010545235
NL008C1,158586,2014,Enschede,52.22081537503604,6.877777022230609
NL009C1,152293,2014,Arnhem,52.00109137240909,5.892578519132243
NL010C1,174470,2011,Heerlen,50.893373377542076,5.969436030110648
NL011C1,196013,2014,Almere,52.364896869049446,5.243967012345104
NL012C1,179623,2014,Breda,51.5847618702555,4.761253517883811
NL013C1,168292,2014,Nijmegen,51.83877787308041,5.8368745210673945
NL014C1,157545,2014,Apeldoorn,52.18988487202877,5.921885018443123
NL015C1,107342,2014,Leeuwarden,53.19056936758149,5.803592007051978
NL016C1,96000,2007,Sittard-Geleen,51.00493587575014,5.828241028499586
NL017C1,101030,2015,Delft,51.99848686741056,4.363108012085803
NL018C1,86426,2014,Hilversum,52.223355869066985,5.16792601437587
NL019C1,89918,2017,Amstelveen,52.28926286730103,4.851510011353148
NL020C1,77027,2014,Roosendaal,51.51318386886591,4.424523517967096
NL021C1,72500,2015,Spijkenisse,51.838545867575945,4.342618513503687
NL022C1,74788,2017,Leidschendam--Voorburg,52.09042886708122,4.422442512284575
NL023C1,79576,2014,Purmerend,52.502138867616836,4.9711280099254775
NL024C1,71972,2017,Vlaardingen,51.91739786674285,4.327911513543885
NL025C1,67738,2017,Velsen,52.45039836573237,4.625967509158815
NL026C1,106784,2014,Alphen aan den Rijn,52.13034836742521,4.687419512827025
NL027C1,66712,2017,Capelle aan den IJssel,51.93496486807339,4.580133514027537
NL028C1,66419,2014,Bergen op Zoom,51.50348236832315,4.288286517523693
NL029C1,65220,2018,Katwijk,52.18964786655009,4.422834010391603
NL030C1,70941,2014,Gouda,52.015284868125526,4.706202513592093
NL031C1,71703,2014,Hoorn,52.655873366818575,5.069764009620893
NL032C1,48265,2017,Middelburg,51.503175866325925,3.6508380137105756
NL501C1,156645,2015,Haarlem,52.38342286608536,4.647515010318063
NL502C1,150598,2014,Zaanstad,52.46298286679947,4.772995009625953
NL503C1,143733,2014,'s-Hertogenbosch,51.71512787194237,5.324803019325992
NL504C1,150897,2014,Amersfoort,52.173656870299226,5.384669515589491
NL505C1,122488,2014,Maastricht,50.852980875918696,5.699495529708517
NL506C1,118899,2015,Dordrecht,51.78148286956646,4.708915516732684
NL507C1,121562,2015,Leiden,52.155016366564794,4.485236512143166
NL508C1,144060,2014,Haarlemmermeer,52.29726336653604,4.683668510358333
NL509C1,123561,2014,Zoetermeer,52.06088436715091,4.489768511885256
NL511C1,123159,2014,Zwolle,52.51869687141705,6.118377015040154
NL512C1,111575,2015,Ede,52.076406371797276,5.728045018371365
NL513C1,98322,2014,Deventer,52.26824187278445,6.235926518042208
NL514C1,107106,2015,Alkmaar,52.63811086555732,4.752577008593329
NL515C1,100428,2014,Venlo,51.39094637600257,6.159137526629184
NL516C1,89256,2014,Helmond,51.47618537398995,5.657172522838185
NL517C1,80957,2014,Hengelo,52.254966375127495,6.778236021666584
NL518C1,77920,2017,Schiedam,51.926796367538635,4.385246013499026
NL519C1,72459,2014,Almelo,52.34792237415357,6.65820651938098
NL520C1,76142,2014,Lelystad,52.47653386944862,5.473066013296123
NO001C1,634293,2014,Oslo,59.981183359188414,10.739263454189668
NO002C1,271949,2014,Bergen,60.364141336597385,5.390337412763744
NO003C1,182035,2014,Trondheim,63.38246334278175,10.373130894523886
NO004C1,130754,2014,Stavanger,58.95985884412062,5.706089936414346
NO005C1,85983,2014,Kristiansand,58.18787985591767,8.03101396189884
NO006C1,71590,2014,Tromsø,69.63856834367552,19.079586330369132
PL001C1,1735442,2014,Warszawa,52.229342421404866,21.047727599631816
PL002C1,706004,2014,Łódź,51.76649091878384,19.480261593001654
PL003C1,761873,2014,Kraków,50.0531569263703,19.985059607469502
PL004C1,634487,2014,Wrocław,51.12769191278455,16.99608458367413
PL005C1,545680,2014,Poznań,52.40647840859984,16.92309157376048
PL006C1,461489,2014,Gdańsk,54.359197406997055,18.634777568204512
PL007C1,407180,2014,Szczecin,53.431805897306205,14.614140551665848
PL008C1,357652,2014,Bydgoszcz,53.13129040911952,18.052590075504426
PL009C1,341722,2014,Lublin,51.225756929055294,22.55662461420982
PL010C1,301834,2014,Katowice,50.21808042268493,19.02306810033907
PL011C1,295459,2014,Białystok,53.13222442400308,23.1588116057427
PL012C1,198857,2014,Kielce,50.86098192464511,20.608948605201928
PL013C1,203158,2014,Toruń,53.021102411569835,18.618902079213523
PL014C1,173831,2014,Olsztyn,53.78172941380158,20.474153085028558
PL015C1,185123,2014,Rzeszów,50.022219431692996,21.995817618245265
PL016C1,119574,2014,Opole,50.66124291716312,17.94094259241088
PL017C1,124145,2014,Gorzów Wielkopolski,52.73143490160512,15.219484561355292
PL018C1,118920,2014,Zielona Góra,51.94059340520605,15.510883069151722
PL019C1,81408,2014,Jelenia Góra,50.87096590957351,15.708177578830728
PL020C1,83853,2014,Nowy Sącz,49.6074299299672,20.70469111446503
PL021C1,69316,2014,Suwałki,54.09994392026415,22.93170859760638
PL022C1,76547,2014,Konin,52.25538741298805,18.262206582175622
PL023C1,62051,2014,Żory,50.03710992193673,18.692357600894468
PL024C1,230123,2014,Częstochowa,50.80526242106284,19.11826109837683
PL025C1,217201,2014,Radom,51.40622192474612,21.156576605253804
PL026C1,122224,2014,Płock,52.537547416324905,19.701583089710333
PL027C1,103373,2014,Kalisz,51.743955914291206,18.07611908588271
PL028C1,108605,2014,Koszalin,54.20204039941964,16.20598505465331
PL029C1,93206,2014,Słupsk,54.465027901226506,17.031806057186056
PL030C1,90794,2014,Jastrzębie-Zdrój,49.955075421724544,18.61384410021105
PL031C1,76603,2014,Siedlce,52.16506242495982,22.271229106289677
PL032C1,75608,2014,Piotrków Trybunalski,51.414875920631125,19.70570559630217
PL033C1,73658,2014,Lubin,51.39967890978682,16.195624077395703
PL034C1,74333,2014,Piła,53.145546405265534,16.763024067060872
PL035C1,74564,2014,Inowrocław,52.780782911111274,18.253337079327885
PL036C1,71728,2014,Ostrowiec Świętokrzyski,50.94612592652586,21.398935610263486
PL037C1,69686,2014,Gniezno,52.527825409945045,17.601570076470946
PL038C1,68922,2014,Stargard Szczeciński,53.317173898978076,15.013701555880019
PL039C1,72754,2014,Ostrów Wielkopolski,51.647011913466365,17.814294084507477
PL040C1,63441,2014,Przemyśl,49.7805804349355,22.77711812443054
PL041C1,65055,2014,Zamość,50.72080893321127,23.25863162181621
PL042C1,64855,2014,Chełm,51.135872932069304,23.483536120457586
PL043C1,67207,2014,Pabianice,51.65937441861587,19.36403559371551
PL044C1,68836,2014,Głogów,51.66928590833538,16.050207573913404
PL045C1,63291,2014,Stalowa Wola,50.562072930081236,22.030279616066686
PL046C1,64513,2014,Tomaszów Mazowiecki,51.5237059208802,20.020270598652417
PL047C1,62779,2014,Łomża,53.174343921137805,22.058453599195808
PL048C1,64616,2014,Leszno,51.84292290915537,16.577622575551768
PL049C1,58802,2014,Świdnica,50.844166912585244,16.490950082503236
PL050C1,57390,2014,Zgierz,51.8580304175024,19.39664959224844
PL051C1,60573,2014,Tczew,54.089539408390515,18.782045071396006
PL052C1,60103,2014,Ełk,53.821350919594664,22.361202596198332
PL501C1,247820,2014,Gdynia,54.50645190539248,18.4794390665542
PL502C1,209274,2014,Sosnowiec,50.276207422875544,19.192917101481143
PL503C1,184415,2014,Gliwice,50.29922442081645,18.653594598109457
PL504C1,177188,2014,Zabrze,50.31564192151175,18.786831098451298
PL505C1,172306,2014,Bytom,50.36360042138699,18.877542099010363
PL506C1,173013,2014,Bielsko-Biała,49.81295342415681,19.0388186035065
PL507C1,140669,2014,Ruda Śląska,50.266300421922885,18.8691595993077
PL508C1,140052,2014,Rybnik,50.10556342111861,18.544194099107152
PL509C1,128621,2014,Tychy,50.123069423128634,19.00244560157804
PL511C1,116691,2014,Wałbrzych,50.78644591203267,16.29002808233728
PL512C1,122368,2014,Elbląg,54.190470409922824,19.439257575306588
PL513C1,113939,2014,Włocławek,52.66126441387198,19.057505584144693
PL514C1,111376,2014,Tarnów,50.02445142886103,20.973324112592437
PL515C1,110337,2014,Chorzów,50.294869421697975,18.961132599603292
PL516C1,101343,2014,Legnica,51.201717410428955,16.16749407911071
PL517C1,97176,2014,Grudziądz,53.47218241033074,18.773441076605163
PT001C1,511667,2014,Lisboa,38.74164388366548,-9.15756241859606
PT002C1,222252,2014,Porto,41.16170437161523,-8.620935435045332
PT003C1,181847,2014,Braga,41.544485370404296,-8.42091993775306
PT005C1,136964,2014,Coimbra,40.21615637750343,-8.446181428432606
PT006C1,118689,2014,Setúbal,38.522195385751985,-8.917268416704003
PT008C1,77229,2014,Aveiro,40.6422003746424,-8.628294431068822
PT009C1,61334,2014,Faro,37.05513539756149,-7.918355906926212
PT010C1,162516,2014,Seixal,38.60340388468906,-9.109822417530433
PT011C1,175354,2014,Amadora,38.75981488374906,-9.229510918934961
PT012C1,170756,2014,Almada,38.6356003844823,-9.193030918074623
PT013C1,150419,2014,Odivelas,38.79780388317689,-9.199262919243345
PT014C1,98424,2014,Viseu,40.6880363769025,-7.905586931014436
PT015C1,95123,2014,Valongo,41.20669187202996,-8.494188935338194
PT016C1,87243,2014,Viana do Castelo,41.717028368047124,-8.759366939305364
PT017C1,86876,2014,Paredes,41.1815248725496,-8.396130434954005
PT018C1,77212,2014,Barreiro,38.625337885222116,-9.04234891819017
PT019C1,62999,2014,Póvoa de Varzim,41.41908886981116,-8.717891436341484
PT501C1,379756,2014,Sintra,38.82302938270648,-9.357662420081489
PT502C1,302828,2014,Vila Nova de Gaia,41.07444687214968,-8.580531933826416
PT503C1,174690,2014,Matosinhos,41.21298037140355,-8.671432935428138
PT504C1,167525,2014,Gondomar,41.10958787205828,-8.482987434693953
PT505C1,156310,2014,Guimarães,41.46087787147616,-8.315554936715781
PT508C1,139110,2014,Vila Franca de Xira,38.92999988316863,-8.982381919363245
RO001C1,2110878,2014,Bucureşti,44.441482963296046,26.087619164024186
RO002C1,321427,2014,Cluj-Napoca,46.781525448563066,23.610352143034664
RO003C1,333825,2014,Timişoara,45.76426894510867,21.201888135565795
RO004C1,307193,2014,Craiova,44.32451045725148,23.787717653541428
RO005C1,213089,2014,Brăila,45.26685646626905,27.949544169214054
RO006C1,223317,2014,Oradea,47.06730444258158,21.92135563383464
RO007C1,196447,2014,Bacău,46.560191958462596,26.91546216083443
RO008C1,179716,2014,Arad,46.16855694400356,21.272999133611307
RO009C1,169820,2014,Sibiu,45.79751195304158,24.14051764971376
RO010C1,151129,2014,Târgu Mureş,46.54115695146037,24.556065148474424
RO011C1,116355,2014,Piatra Neamţ,46.92181795553572,26.362284156407846
RO012C1,78102,2014,Cǎlǎraşi,44.20358146787964,27.331112670103714
RO013C1,69674,2014,Giurgiu,43.89964096523386,25.962585164758647
RO014C1,73979,2014,Alba Iulia,46.06442345038501,23.555043645521042
RO015C1,95127,2014,Focşani,45.6965269619428,27.20423716525615
RO016C1,97336,2014,Târgu Jiu,45.04483395345316,23.291718147981033
RO017C1,90503,2014,Tulcea,45.14961546846424,28.817477674668385
RO018C1,94240,2014,Târgovişte,44.91913246041076,25.43747265850001
RO019C1,85074,2014,Slatina,44.43409695926842,24.380164656205526
RO020C1,73580,2014,Bârlad,46.225745961794686,27.67062666560617
RO021C1,71254,2014,Roman,46.93546745705642,26.945643159499767
RO022C1,92892,2014,Bistriţa,47.14283844946522,24.49792914633516
RO501C1,319266,2014,Constanţa,44.188120471505236,28.59789517609405
RO502C1,357868,2014,Iaşi,47.1568894578878,27.590529161849098
RO503C1,306046,2014,Galaţi,45.48782846568037,28.079457170022327
RO504C1,291363,2014,Braşov,45.6431784575814,25.57912265684559
RO505C1,235041,2014,Ploieşti,44.93390596200347,26.019496161740832
RO506C1,177485,2014,Piteşti,44.85559245922401,24.85949165613395
RO507C1,148429,2014,Baia Mare,47.73919044492138,23.60626063927266
RO508C1,136773,2014,Buzău,45.14028446327443,26.809600664496944
RO509C1,123438,2014,Satu Mare,47.79013394256182,22.85118663478527
RO510C1,122999,2014,Botoşani,47.744367953186504,26.67675815470307
RO511C1,119252,2014,Râmnicu Vâlcea,45.0883829563495,24.353415653775507
RO512C1,116082,2014,Suceava,47.67008595198876,26.263315652464954
RO513C1,110768,2014,Drobeta-Turnu Severin,44.66684995274754,22.575422146224884
SE001C1,864324,2014,Stockholm,59.321282886348065,17.993315014119414
SE002C1,556640,2014,Göteborg,57.73738037252508,11.95484349088612
SE003C1,328494,2014,Malmö,55.56578938423993,13.019107022899528
SE004C1,135297,2014,Jönköping,57.817396879361716,14.216103004821855
SE005C1,122892,2014,Umeå,63.932844374440805,20.213332966201392
SE006C1,214559,2014,Uppsala,59.94487438285977,17.716173504529294
SE007C1,155817,2014,Linköping,58.3715338824268,15.598840508708218
SE008C1,146631,2014,Örebro,59.26405837772792,15.331018995382108
SE501C1,147420,2014,Västerås,59.62824738024261,16.567302499886754
SE502C1,139363,2014,Norrköping,58.59776288325021,16.287846510223243
SE503C1,140547,2014,Helsingborg,56.06592638177117,12.78647051602282
SE504C1,118542,2014,Lund,55.667877384535906,13.373142523609287
SE505C1,109880,2014,Borås,57.73233987528867,12.941105498618168
SI001C1,285857,2014,Ljubljana,46.05426942415477,14.562960102777554
SI002C1,112088,2014,Maribor,46.56344742495393,15.627253105178816
SK001C1,417389,2014,Bratislava,48.14883742385323,17.119099104066112
SK002C1,239797,2014,Košice,48.70355143408725,21.228480121550373
SK003C1,79368,2014,Banská Bystrica,48.73629842763855,19.127778610467107
SK004C1,78351,2014,Nitra,48.30086592692398,18.08622560813468
SK005C1,90923,2014,Prešov,48.993592933514286,21.242131619996808
SK006C1,81273,2014,Žilina,49.220980424850026,18.75054110508367
SK007C1,65978,2014,Trnava,48.38083192449593,17.58662010481758
SK008C1,55886,2014,Trenčín,48.896309423901236,18.047234104305783
UK002C1,1096800,2014,Birmingham,52.48866284172209,-1.8746500173981087
UK003C1,763900,2014,Leeds,53.82579933738071,-1.5059645322102488
UK004C1,598100,2014,Glasgow City,55.85791931728089,-4.252553568017472
UK005C1,527300,2014,Bradford,53.84476733567683,-1.8547055330266813
UK006C1,471900,2014,Liverpool,53.40398783305454,-2.916680032037473
UK007C1,490100,2014,City of Edinburgh,55.92440532063169,-3.288439064549801
UK008C1,517300,2014,Manchester,53.45153883633669,-2.2324810296275657
UK009C1,353000,2014,Cardiff,51.51068234046069,-3.203835511246111
UK010C1,561900,2014,Sheffield,53.40448833848201,-1.5504635263170954
UK011C1,440000,2014,Bristol,51.46678434264838,-2.600707508820417
UK012C1,282500,2014,Belfast,54.602691316162876,-5.941386556866212
UK013C1,288300,2014,Newcastle upon Tyne,55.007979331234175,-1.6583740457578184
UK014C1,335700,2014,Leicester,52.63794634376605,-1.1284270167517696
UK015C1,108900,2014,Derry,54.9488863091694,-7.20932956483706
UK016C1,228100,2014,Aberdeen City,57.157172820396234,-2.1861495774167183
UK017C1,127600,2014,Cambridge,52.1994083500498,0.13297899308697977
UK018C1,123100,2014,Exeter,50.72220034286068,-3.5107635045240797
UK019C1,95900,2014,Lincoln,53.224751343816536,-0.5548210211387524
UK020C1,104500,2014,Gravesham,51.40237035444424,0.39516050211684617
UK021C1,85700,2014,Stevenage,51.90434735052521,-0.18931850611349224
UK022C1,136600,2014,Wrexham,52.990287834743,-3.017711527228094
UK023C1,208300,2014,Portsmouth,50.820684351981065,-1.0699749976824586
UK024C1,100600,2014,Worcester,52.19671034127354,-2.2113010151246577
UK025C1,333600,2014,Coventry,52.41687734352867,-1.5197780156424332
UK026C1,257600,2014,Kingston-upon-Hull,53.76418334225426,-0.3348805259341996
UK027C1,250600,2014,Stoke-on-trent,53.018106338324365,-2.164492024083208
UK028C1,252300,2014,Wolverhampton,52.58920034000332,-2.1209780194068983
UK029C1,312600,2014,Nottingham,52.960635842004024,-1.1764805207413322
UK030C1,320600,2014,Wirral,53.36325183289895,-3.0697225314221166
UK031C1,181100,2014,Bath and North East Somerset,51.35597684399286,-2.475192507717819
UK032C1,162100,2014,Thurrock,51.509150853817516,0.36788350062005254
UK033C1,142000,2014,Guildford,51.24778935156318,-0.5615964997662953
UK034C1,137600,2014,Thanet,51.35427235850968,1.3379110066011453
UK035C1,126100,2014,Nuneaton and Bedworth,52.501137343360774,-1.4758350158920492
UK036C1,42210,2011,Fareham,50.853244850790354,-1.2225999991938055
UK038C1,115900,2014,Waveney,52.41900585484445,1.5833984957918608
UK040C1,115900,2014,Tunbridge Wells,51.11436185618008,0.43075700504798137
UK041C1,122500,2014,Ashford,51.12531385780505,0.8114770067612115
UK043C1,115300,2014,East Staffordshire,52.86336233971106,-1.8122260208784138
UK044C1,105400,2014,Darlington,54.54879283392636,-1.5526005404032575
UK045C1,106500,2014,Worthing,50.83001285391586,-0.3962684946368493
UK046C1,105600,2014,Mansfield,53.17073334108159,-1.1727235226373813
UK047C1,104200,2014,Chesterfield,53.25632084030139,-1.401150524232657
UK050C1,87100,2014,Burnley,53.778984834466,-2.221929533509657
UK051C1,98000,2014,Great Yarmouth,52.64131335444149,1.6603384943196926
UK052C1,99500,2014,Woking,51.3138758517274,-0.5607475011080936
UK053C1,92600,2014,Hartlepool,54.66943883467844,-1.2588110401573294
UK054C1,98300,2014,Cannock Chase,52.71243983972633,-1.9801895202035842
UK055C1,101000,2014,Eastbourne,50.77674135684359,0.26609700692666316
UK056C1,90900,2014,Hastings,50.86989585761608,0.5705575084465447
UK057C1,80100,2014,Hyndburn,53.758709334119025,-2.3897720344085185
UK059C1,84500,2014,Redditch,52.28230084177775,-1.9518010157198495
UK060C1,77100,2014,Tamworth,52.62645034194646,-1.6778420183849987
UK061C1,84000,2014,Harlow,51.76834435218775,0.10857199743710295
UK062C1,126200,2014,Halton,53.345156834555105,-2.712158530974722
UK101C1,7900,2014,City of London,51.5148243525346,-0.0920570012872435
UK102C1,196300,2014,Barking and Dagenham,51.54520485265068,0.13344199919448313
UK103C1,372000,2014,Barnet,51.61604285134724,-0.20995100250311396
UK104C1,238300,2014,Bexley,51.458880853000196,0.14057900008743524
UK105C1,319000,2014,Brent,51.55853285180073,-0.267793002118232
UK106C1,319600,2014,Bromley,51.3719948533163,0.051608500345148
UK107C1,232300,2014,Camden,51.54637435197856,-0.15734650177568965
UK108C1,374400,2014,Croydon,51.355340853150445,-0.0870919996031656
UK109C1,342300,2014,Ealing,51.52246485152963,-0.33096050248284953
UK110C1,322500,2014,Enfield,51.65099585170581,-0.08718200169816798
UK111C1,266300,2014,Greenwich,51.47282485269071,0.05630350012260533
UK112C1,260300,2014,Hackney,51.55223785194844,-0.06334400141587329
UK113C1,178500,2014,Hammersmith and Fulham,51.49597385161173,-0.22125850163593974
UK114C1,265500,2014,Haringey,51.59036135236244,-0.1074170024760148
UK115C1,244700,2014,Harrow,51.59772385154827,-0.34120050270204433
UK116C1,244000,2014,Havering,51.56439735328485,0.2211954992455515
UK117C1,289700,2014,Hillingdon,51.54154735096049,-0.44562450210033067
UK118C1,264000,2014,Hounslow,51.46839035135398,-0.36687500212093005
UK119C1,218400,2014,Islington,51.548450852176295,-0.11019650107428684
UK120C1,155900,2014,Kensington and Chelsea,51.501600852152315,-0.19268500076187237
UK121C1,168400,2014,Kingston upon Thames,51.38786935198867,-0.2868880007734268
UK122C1,316200,2014,Lambeth,51.45307385213257,-0.11820550045341754
UK123C1,289100,2014,Lewisham,51.44812135330466,-0.020166499556080755
UK124C1,203400,2014,Merton,51.40994985220742,-0.19723899973846512
UK125C1,321300,2014,Newham,51.528298852798514,0.036443999540508344
UK126C1,290700,2014,Redbridge,51.58564035254818,0.07593699874705195
UK127C1,192500,2014,Richmond upon Thames,51.44226885205103,-0.3128840010238135
UK128C1,300500,2014,Southwark,51.47312535239425,-0.0745540004079525
UK129C1,197000,2014,Sutton,51.362068352928716,-0.17751199925817998
UK130C1,278500,2014,Tower Hamlets,51.51717285298011,-0.035286500906235405
UK131C1,266900,2014,Waltham Forest,51.5940453522169,-0.012591000839427529
UK132C1,311300,2014,Wandsworth,51.45136985193453,-0.18635500010782682
UK133C1,230100,2014,Westminster,51.51390235185948,-0.16122600155497002
UK501C1,429600,2014,Kirklees,53.62743333688544,-1.7631760307478912
UK502C1,337800,2014,North Lanarkshire (Airdrie/Bellshill/Coatbridge/Motherwell),55.87491281878234,-3.948343066123857
UK503C1,330500,2014,Wakefield,53.6606938384246,-1.4117225290981277
UK504C1,315100,2014,Dudley,52.48289684071373,-2.108722018622725
UK505C1,320300,2014,Wigan,53.52419233456277,-2.589476031704518
UK506C1,303900,2014,Doncaster,53.54438283953627,-1.095641526346459
UK507C1,285900,2014,Stockport,53.39398933634608,-2.1280665280241986
UK508C1,273400,2014,Sefton,53.54991833246882,-3.0039125331910292
UK509C1,315500,2014,Sandwell,52.5154543403666,-2.0089675189268053
UK510C1,276500,2014,Sunderland,54.880275332533664,-1.4524240445890726
UK511C1,280200,2014,Bolton,53.57868683432482,-2.4669395314644227
UK512C1,273200,2014,Walsall,52.59929134032556,-1.9663115191899005
UK513C1,272600,2014,Medway,51.41525185508688,0.5535735023017078
UK514C1,259400,2014,Rotherham,53.408660339902724,-1.2861710252288965
UK515C1,279600,2014,Brighton and Hove,50.844538855368405,-0.1339394943861348
UK516C1,260400,2014,Plymouth,50.39189184216399,-4.118677004021219
UK517C1,240800,2014,Swansea,51.64322833674144,-4.051795515562554
UK518C1,251900,2014,Derby,52.91257984119828,-1.4683030204670142
UK519C1,236800,2014,Barnsley,53.535878838040844,-1.5324505286662948
UK520C1,243700,2014,Southampton,50.91987834969913,-1.3989809990162205
UK521C1,228000,2014,Oldham,53.551926336278804,-2.050613030524688
UK522C1,240500,2014,Salford,53.4895863355024,-2.3701020310647447
UK523C1,220700,2014,Tameside,53.47751233683913,-2.0627595296767596
UK524C1,231300,2014,Trafford,53.41905033535491,-2.355308029952455
UK525C1,257500,2014,Milton Keynes,52.08385434764644,-0.7334630098889865
UK526C1,212500,2014,Rochdale,53.61662133522125,-2.157759031551692
UK527C1,209400,2014,Solihull,52.413119842622514,-1.7270700161970738
UK528C1,218100,2014,Northampton,52.24126234652391,-0.8868510111423317
UK529C1,202400,2014,North Tyneside,55.02842083193908,-1.5191085456014413
UK530C1,200300,2014,Gateshead,54.93533333184182,-1.6831940452082417
UK531C1,205800,2014,Warrington,53.399125334590046,-2.562842030709771
UK532C1,209500,2014,Luton,51.894219349351495,-0.4255670056004259
UK533C1,203400,2014,York,53.958798838457284,-1.0614020315936987
UK534C1,187000,2014,Bury,53.58788933468996,-2.312498531396104
UK535C1,214900,2014,Swindon,51.571556346085806,-1.7437590073333018
UK536C1,193700,2014,Stockton-on-Tees,54.561759334587784,-1.3320965395371376
UK537C1,176700,2014,St. Helens,53.45955583370904,-2.723607032007504
UK538C1,179400,2014,Basildon,51.59013735374511,0.46632050026617594
UK539C1,190100,2014,Bournemouth,50.741775349074196,-1.8578279989704416
UK540C1,174400,2014,Wycombe,51.64924784911602,-0.8151885049433943
UK541C1,176900,2014,Southend-on-Sea,51.5476978553656,0.7094260009877659
UK542C1,168900,2014,Telford and Wrekin,52.730241337564266,-2.4887495231608363
UK543C1,159800,2014,North East Lincolnshire,53.54266884398788,-0.13845002264753664
UK544C1,170900,2014,Chelmsford,51.725582353356174,0.48074599954445557
UK545C1,189400,2014,Peterborough,52.60854384701619,-0.2530180130768745
UK546C1,179000,2014,Colchester,51.875589854244005,0.8574819986877106
UK547C1,148600,2014,South Tyneside,54.96290233287376,-1.444307044877667
UK548C1,172400,2014,Basingstoke and Deane,51.273455849147936,-1.2009540024275696
UK549C1,162700,2014,Bedford,52.18922234843796,-0.47704350941502754
UK550C1,148200,2014,Dundee City,56.47805582013038,-2.9701460705723446
UK551C1,157400,2014,Falkirk,55.995343318777905,-3.797723067558927
UK552C1,160000,2014,Reading,51.45298784905812,-0.9838090036464999
UK553C1,141000,2014,Blackpool,53.81789433153904,-3.029234536841674
UK554C1,160600,2014,Maidstone,51.23499185585098,0.5806620042680551
UK555C1,149600,2014,Poole,50.7440923486301,-1.9640989994961222
UK556C1,149000,2014,Dacorum,51.77817984939712,-0.5408055051097275
UK557C1,147100,2014,Blackburn with Darwen,53.69267133385038,-2.4675280336562513
UK558C1,146700,2014,Newport,51.579429341104436,-2.9658300123487784
UK559C1,139000,2014,Middlesbrough,54.542123834832246,-1.2222775391741953
UK560C1,156400,2014,Oxford,51.754597847030354,-1.2409040080485132
UK562C1,140400,2014,Preston,53.811959832750134,-2.697504035510803
UK563C1,144000,2014,St Albans,51.77205385077409,-0.34242300491220157
UK564C1,138900,2014,Warwick,52.31002834331093,-1.584655014470066
UK565C1,125600,2014,Newcastle-under-Lyme,52.993242337519995,-2.3187045255928536
UK566C1,136700,2014,Norwich,52.631858852783616,1.282868992370168
UK567C1,143800,2014,Slough,51.50840185040176,-0.5861855029988364
UK568C2,331600,2014,Cheshire West and Chester,53.16774733505537,-2.8410290287125264
UK569C1,134800,2014,Ipswich,52.05633685459481,1.1598484978404986
UK571C1,116200,2014,Cheltenham,51.89701884329065,-2.074019012500411
UK572C1,125100,2014,Gloucester,51.84939984299006,-2.2402720124001774
UK573C1,117300,2014,Bracknell Forest,51.40813635063422,-0.7397370026127941
UK574C1,71465,2011,Lisburn,54.503456815476156,-6.085444055959641
UK575C1,108000,2014,Carlisle,54.97135682674368,-2.8044780495174346
UK576C1,109400,2014,Crawley,51.12546385397104,-0.18194949820326192
