id,first_name,last_name,sex,date_of_birth,hometown,latitude,longitude,preferred_temperature,preferred_travel_time,preferred_transport_mode
0,Courtney,Moody,f,1950-10-26,Lille,50.65001386778346,3.047986019489509,25,0,flight
1,Tiffany,Nguyen,f,1970-07-20,Wuppertal,51.25060738029886,7.168951032921459,26,2,train
2,Gregory,Watkins,m,1954-05-14,Plymouth,50.39189184216399,-4.118677004021219,13,0,train
3,Shane,Klein,m,1968-02-07,Southampton,50.91987834969913,-1.3989809990162205,18,4,flight
4,David,Marquez,m,1974-09-03,Stuttgart,48.774544396573845,9.172073061100896,26,11,train
5,James,Gomez,m,2006-03-02,Plzeň,49.740200906877654,13.372881574013196,40,5,flight
6,Kevin,Smith,m,1994-10-02,Wien,48.20843842145425,16.377868099114387,26,7,flight
7,Deborah,Johnson,f,1997-01-12,Nantes,47.22488436562192,-1.5937274662741499,10,5,flight
8,David,Haynes,m,1960-12-28,Wien,48.20843842145425,16.377868099114387,16,9,train
9,Lindsey,Richards,f,1983-07-02,Gondomar,41.10958787205828,-8.482987434693953,36,18,train
10,Laura,Rios,f,1991-07-22,Oxford,51.754597847030354,-1.2409040080485132,21,1,train
11,Paul,Simpson,m,1972-05-13,Strasbourg,48.57227089187239,7.726775556141394,28,6,flight
12,Danielle,White,f,2003-04-19,Hounslow,51.46839035135398,-0.36687500212093005,9,8,train
13,Sandra,Lewis,f,1995-01-30,Roma,41.88561543435591,12.46086161630812,9,17,train
14,Kimberly,Bradford,f,2001-11-02,Kassel,51.31149538763535,9.460352542220855,15,9,train
15,John,Little,m,2003-01-22,Irakleio,35.27976899957921,25.115065180647274,19,1,train
16,Patricia,Woods,f,1967-11-14,CA du Val d'Yerres,48.6986148736296,2.505567034200092,18,0,flight
17,Rebecca,Mooney,x,1983-12-07,Amsterdam,52.372927867672,4.889001010591849,6,13,train
18,Frances,Medina,f,1980-04-02,Gateshead,54.93533333184182,-1.6831940452082417,25,3,train
19,Vincent,Tucker,m,1956-12-30,Rīga,56.97808391285029,24.122314583343496,16,1,flight
20,Robert,Lowery,m,2004-06-08,Colchester,51.875589854244005,0.8574819986877106,24,9,train
21,Lori,Gonzales,x,1958-05-11,Thessaloniki,40.62293646952733,22.95184116183397,4,14,train
22,Jack,Douglas,m,1988-11-22,Brent,51.55853285180073,-0.267793002118232,0,10,train
23,Edward,Jackson,m,1958-07-09,Le Mans,47.98873236845262,0.21106103231656625,16,11,train
24,Jeremiah,Sullivan,m,1962-03-29,Leicester,52.63794634376605,-1.1284270167517696,24,2,flight
25,Marc,Smith,m,2006-08-09,Leuven,50.88223087247345,4.705864025164426,23,12,train
26,Joshua,Zamora,m,1948-01-31,Włocławek,52.66126441387198,19.057505584144693,25,10,train
27,Peggy,Neal,f,1966-05-11,Caen,49.20334786114989,-0.34953197927652935,10,10,train
28,Shelby,Ibarra,f,1985-02-06,Wolverhampton,52.58920034000332,-2.1209780194068983,16,8,flight
29,Rhonda,Kelley,f,1958-04-06,'s-Gravenhage,52.06846386666703,4.300611511666192,31,2,flight
30,John,Castaneda,m,1956-08-23,Pescara,42.45588343697574,14.203268120294506,9,15,train
31,Cody,Lopez,m,1986-01-20,Herne,51.53749237919459,7.208648029868081,18,3,train
32,Tommy,Hernandez,m,1980-11-25,Brent,51.55853285180073,-0.267793002118232,27,9,train
33,Amanda,Wade,x,1965-01-11,Hillingdon,51.54154735096049,-0.44562450210033067,15,1,flight
34,Donna,Harvey,x,1973-09-30,Brighton and Hove,50.844538855368405,-0.1339394943861348,29,1,train
35,Jason,Clark,m,1950-04-22,Breda,51.5847618702555,4.761253517883811,32,2,train
36,Lance,Marshall,m,1979-03-23,Lyon,45.75795939368164,4.856702566124633,32,7,flight
37,Joseph,Downs,m,1993-12-17,Bruxelles / Brussel,50.836054371263224,4.370656523535053,37,23,train
38,Marilyn,Gamble,f,2003-03-25,Hamm,51.665211381020114,7.8235420313635515,17,17,train
39,Kara,Kerr,f,1964-08-07,Berlin,52.501530896616806,13.401850553093169,23,20,train
40,Chelsea,Walker,f,1959-02-21,Berlin,52.501530896616806,13.401850553093169,30,11,train
41,Teresa,Garcia,f,1957-08-21,Cheshire West and Chester,53.16774733505537,-2.8410290287125264,14,5,train
42,Christopher,Ramos,x,1969-09-25,Nancy,48.67342238626005,6.193630049729436,19,8,flight
43,Samantha,Young,f,2003-02-08,Roma,41.88561543435591,12.46086161630812,33,14,train
44,Amy,Chambers,f,1991-04-01,Wrocław,51.12769191278455,16.99608458367413,28,9,train
45,Kimberly,Diaz,f,1958-10-14,Waltham Forest,51.5940453522169,-0.012591000839427529,16,2,flight
46,Carolyn,Bentley,x,1995-03-07,Barcelona,41.40100090411096,2.150637084471251,12,2,flight
47,Zachary,Gonzalez,x,1967-03-21,Terrassa,41.57530590297708,2.0081330832306303,9,14,train
48,Jonathon,Frost,m,1981-03-25,Birmingham,52.48866284172209,-1.8746500173981087,17,4,flight
49,Julie,Hall,x,2002-09-05,Rotterdam,51.92429436692899,4.329424013166939,33,1,train
50,Janice,Wilson,f,1964-08-25,Huelva,37.27300089915513,-6.929785408237093,10,5,train
51,Denise,Pruitt,f,1966-01-18,Zürich,47.38273439984919,8.530693069154056,28,1,flight
52,Kayla,Herman,f,1961-05-28,Móstoles,40.318624891242656,-3.8901309216716315,27,5,train
53,Caleb,Hunter,m,1984-02-13,Athina,37.988880483280404,23.73603517129472,12,15,train
54,Julia,Watkins,f,1984-02-29,Ostrava,49.81409242160593,18.246209598864205,13,5,train
55,Alexander,Carrillo,m,1967-06-14,Leipzig,51.3421743975741,12.374768557730988,7,20,train
56,Laurie,Brown,f,1969-05-29,Milano,45.46844740918378,9.1729385842972,18,3,flight
57,Thomas,Martin,m,1996-10-09,Ede,52.076406371797276,5.728045018371365,24,3,flight
58,Sara,Roberts,f,1952-04-23,Stuttgart,48.774544396573845,9.172073061100896,29,19,train
59,Michael,Doyle,m,1976-09-01,Linköping,58.3715338824268,15.598840508708218,26,1,flight
60,Michael,Adams,m,1992-04-15,Newport,51.579429341104436,-2.9658300123487784,21,4,train
61,Johnathan,Benson,m,1974-08-16,Frankfurt am Main,50.11794838937907,8.64419104798588,17,19,train
62,Christina,Crawford,f,1976-02-07,Koszalin,54.20204039941964,16.20598505465331,6,5,train
63,William,Black,m,2001-05-23,Neu-Ulm,48.380619401011565,10.052748067737827,15,2,flight
64,Peter,Brown,m,2007-06-02,Rouen,49.413053365082355,1.02747902247825,15,4,flight
65,Meredith,Grant,f,1963-06-29,Dacorum,51.77817984939712,-0.5408055051097275,1,17,train
66,Kayla,Turner,f,2000-07-03,Wuppertal,51.25060738029886,7.168951032921459,9,12,train
67,Martin,Stuart,m,1980-02-07,Timişoara,45.76426894510867,21.201888135565795,30,2,flight
68,Sarah,Jackson,f,1956-05-11,Aschaffenburg,49.96385639148349,9.145813551996337,16,11,train
69,Michelle,Chandler,f,1972-12-20,Nottingham,52.960635842004024,-1.1764805207413322,19,14,train
70,Kimberly,Baldwin,f,1995-11-15,Viladecans,41.30315840464265,2.0318305852955763,14,23,train
71,Robert,Flores,x,1996-03-22,Osnabrück,52.27766837931611,8.04696802674818,16,5,flight
72,Alex,Barnes,m,1968-04-25,Berlin,52.501530896616806,13.401850553093169,22,6,train
73,Theodore,Dunlap,m,1964-05-26,Hamburg,53.54765288129551,10.011885524725471,8,0,train
74,Leslie,Johnson,f,1987-04-11,Neubrandenburg,53.54158089238591,13.248887042855914,33,0,flight
75,Randy,Bryant,m,1994-10-22,Vila Nova de Gaia,41.07444687214968,-8.580531933826416,25,11,train
76,David,Zuniga,m,1947-10-30,Birmingham,52.48866284172209,-1.8746500173981087,5,4,train
77,Judith,Rice,f,1977-11-08,Leverkusen,51.053108379966275,7.015400532717327,21,9,train
78,William,Ellis,m,1956-10-12,Châlons-en-Champagne,48.97336987895588,4.3760175397538905,29,12,train
79,Robin,Smith,f,1994-02-20,Sheffield,53.40448833848201,-1.5504635263170954,6,0,train
80,Rachel,Becker,f,1965-12-17,Southwark,51.47312535239425,-0.0745540004079525,24,0,train
81,Christine,Torres,f,1966-01-31,Paris,48.85660037259063,2.342805032028295,-7,1,train
82,Rachel,Porter,f,1978-01-30,Larisa,39.64421147199142,22.40558016154085,52,5,flight
83,Maria,Jones,f,1954-03-26,Toulon,43.11990090877171,6.040283086365885,39,3,flight
84,Kevin,Johnson,m,1993-09-28,Pleven,43.40670796305364,24.618921160578704,15,17,train
85,Megan,Campbell,f,1961-04-29,Wałbrzych,50.78644591203267,16.29002808233728,21,12,train
86,Stacy,Hurst,f,1996-07-04,Novara,45.43958940760319,8.615682581340025,1,2,flight
87,Robert,Fields,x,1978-01-04,Ostrava,49.81409242160593,18.246209598864205,9,21,train
88,Michele,Myers,f,1969-08-07,Alicante/Alacant,38.382946411094196,-0.5377914037629685,-1,11,train
89,Gina,Hall,f,2001-09-16,Getxo,43.35580637825836,-3.0096439410658786,19,0,flight
90,Michael,Garcia,m,1950-01-04,Bucureşti,44.441482963296046,26.087619164024186,20,20,train
91,Kenneth,Lewis,x,1985-07-08,Harrow,51.59772385154827,-0.34120050270204433,9,21,train
92,Brianna,Knox,f,1980-07-14,Verona,45.448699915073064,11.002231091052359,28,3,flight
93,Amy,Gentry,f,1993-08-08,Móstoles,40.318624891242656,-3.8901309216716315,19,3,train
94,Jennifer,Barron,f,1977-11-28,CC des Coteaux de la Seine,48.85495737146611,2.1269640314721103,24,7,train
95,Mckenzie,Butler,f,1963-01-23,Marseille,43.307875405980376,5.421837583654458,24,6,train
96,Crystal,Lindsey,f,1988-05-01,Montpellier,43.615608899928596,3.863217075771536,27,4,train
97,Diana,Wallace,f,1982-03-30,Barcelona,41.40100090411096,2.150637084471251,35,2,flight
98,Leonard,Navarro,x,1975-11-18,Grudziądz,53.47218241033074,18.773441076605163,6,19,train
99,Marcus,Estrada,m,1964-11-16,Mannheim,49.49939039089092,8.50036605281845,26,25,train
100,Justin,Wiley,m,1954-09-14,Daugavpils,55.89088892412638,26.542079608916758,13,7,train
101,Susan,Patterson,f,1950-06-20,Kuopio,62.84039940037092,27.653604049006162,19,13,train
102,Joshua,Bond,x,1947-12-01,Stoke-on-trent,53.018106338324365,-2.164492024083208,13,13,train
103,Joshua,Mendoza,m,1964-12-30,Piteşti,44.85559245922401,24.85949165613395,27,2,train
104,Catherine,Walsh,f,1974-08-19,Wandsworth,51.45136985193453,-0.18635500010782682,17,7,flight
105,Rebecca,Weeks,f,1967-06-23,Helsingborg,56.06592638177117,12.78647051602282,20,17,train
106,Grant,Prince,m,1974-07-07,Sibiu,45.79751195304158,24.14051764971376,48,10,train
107,Tyler,Cantrell,m,1985-09-15,Sofia,42.70551696319418,23.3597601566759,31,4,flight
108,Kayla,Nelson,f,1954-12-07,Leiden,52.155016366564794,4.485236512143166,34,3,train
109,Janet,Lopez,f,1957-05-28,Mulhouse,47.77093639414953,7.3300340603388845,10,11,train
110,Joe,Montgomery,m,1954-07-03,Waltham Forest,51.5940453522169,-0.012591000839427529,12,3,train
111,Melissa,Hall,x,1997-06-22,Bydgoszcz,53.13129040911952,18.052590075504426,21,10,train
112,Kelsey,Hayden,f,1947-04-18,Perugia,43.13647642836103,12.395000109643219,37,1,flight
113,Steven,Turner,m,1958-09-01,Galaţi,45.48782846568037,28.079457170022327,31,16,train
114,Elizabeth,Butler,f,1994-06-04,St. Helens,53.45955583370904,-2.723607032007504,21,3,flight
115,Chelsea,Ellis,f,1969-12-30,Napoli,40.85667344334207,14.23935662736585,31,10,train
116,Erica,Collins,f,1987-05-11,CA Val et Forêt,49.0084803713987,2.2634110316867826,36,3,train
117,Jill,Moody,x,1973-05-28,Arnhem,52.00109137240909,5.892578519132243,24,16,train
118,Kimberly,Watson,f,1954-02-11,Hilversum,52.223355869066985,5.16792601437587,7,2,flight
119,Elizabeth,Carrillo,f,1953-12-15,München,48.15320390650567,11.547254076048949,22,8,flight
120,Randy,Miller,m,1964-05-28,Islington,51.548450852176295,-0.11019650107428684,32,0,train
121,Shawn,Torres,m,1982-10-28,Alcalá de Henares,40.49450239116985,-3.3696329220176966,11,11,train
122,Michael,Ballard,x,1988-09-26,Torino,45.071739405866,7.678005080342866,3,1,train
123,Janet,Martinez,f,2003-09-01,Amsterdam,52.372927867672,4.889001010591849,14,5,train
124,Kimberly,Reid,f,1973-08-17,Thurrock,51.509150853817516,0.36788350062005254,7,2,train
125,Cynthia,Lee,f,1957-05-30,Firenze,43.77995842256664,11.244961101413736,19,19,train
126,Danielle,Bartlett,f,1962-09-13,Verona,45.448699915073064,11.002231091052359,15,1,flight
127,Kimberly,Owens,f,1963-03-12,Zagreb,45.80990792970964,16.000011611245,32,6,train
128,Juan,Mckinney,m,1966-01-23,Pardubice,50.0301924128273,15.763685585232949,21,5,train
129,Timothy,Cervantes,x,1964-07-24,Warszawa,52.229342421404866,21.047727599631816,14,1,train
130,Amy,Griffin,f,1961-08-10,Panevėžys,55.73042941865411,24.346777094785477,6,11,train
131,Jessica,Rush,f,1966-12-31,Perpignan,42.74958990051725,2.8467865787503435,17,16,train
132,Katrina,Hart,f,1959-07-12,Amsterdam,52.372927867672,4.889001010591849,-5,16,train
133,Timothy,Campbell,m,1978-11-03,Dublin,53.35916231997213,-6.258341542015994,15,19,train
134,Douglas,Hughes,m,2006-07-20,Stuttgart,48.774544396573845,9.172073061100896,4,9,train
135,Kenneth,Figueroa,m,1973-04-13,Köln,50.94566738051823,6.973237033864535,0,3,flight
136,Christine,Spencer,f,1986-09-09,München,48.15320390650567,11.547254076048949,24,26,train
137,Shawn,Friedman,m,1983-06-15,Lille,50.65001386778346,3.047986019489509,21,3,flight
138,Mary,Miles,f,1993-05-22,Rimini,44.03883492587881,12.530451105378036,17,2,flight
139,Gregory,Mercer,m,1969-01-09,Roma,41.88561543435591,12.46086161630812,32,4,flight
140,Lauren,Johnson,f,1953-11-12,Uppsala,59.94487438285977,17.716173504529294,9,17,train
141,William,Martinez,m,1947-11-14,Iaşi,47.1568894578878,27.590529161849098,-12,11,train
142,Austin,Mitchell,m,1995-10-01,Mollet del Vallès,41.54895790389979,2.210031084640469,3,5,train
143,Robert,Stevens,m,1968-01-19,Praha,50.06679040878253,14.466016578335703,24,8,flight
144,Hayley,Bowman,f,1950-12-21,Siegen,50.88107538426582,8.011704039981241,30,11,train
145,Deborah,Newman,f,1964-10-02,Le Mans,47.98873236845262,0.21106103231656625,13,2,train
146,Steven,Ortega,m,1958-01-04,Düsseldorf,51.23549487861018,6.810182031372937,7,25,train
147,Dennis,Brown,m,2004-02-10,Heilbronn,49.15271189459014,9.182341058044212,23,16,train
148,Matthew,Hodges,m,1985-07-18,Dresden,51.06644140283357,13.78345606722441,27,0,flight
149,Sarah,Gomez,f,1989-01-22,Bourges,47.059812880088806,2.379429047592682,34,8,train
150,Michael,Cardenas,m,1999-02-04,Lambeth,51.45307385213257,-0.11820550045341754,27,26,train
151,Angela,Warren,f,1945-02-01,Toulouse,43.627354391889114,1.4132455691666788,1,13,train
152,Jason,Kelly,m,1967-07-16,Southampton,50.91987834969913,-1.3989809990162205,14,12,train
153,Paul,Jackson,m,1956-12-26,Nice,43.80641840930204,7.234116085927058,25,0,flight
154,Tracy,Bailey,f,1950-12-15,Esslingen am Neckar,48.74129239665477,9.326524062338043,28,16,train
155,Ryan,Thompson,x,1945-05-02,Roma,41.88561543435591,12.46086161630812,13,13,train
156,Anthony,Castro,x,1967-09-25,Bydgoszcz,53.13129040911952,18.052590075504426,14,1,train
157,Robert,Neal,m,1999-02-22,Essen,51.433845879183174,7.017192530171523,24,3,flight
158,Mikayla,Green,f,1995-02-17,Ploieşti,44.93390596200347,26.019496161740832,34,7,flight
159,Dustin,Harrison,m,1987-11-21,Vila Nova de Gaia,41.07444687214968,-8.580531933826416,22,2,flight
160,Richard,Evans,m,2002-10-15,Blackpool,53.81789433153904,-3.029234536841674,31,16,train
161,Curtis,Vega,m,1964-08-16,Heilbronn,49.15271189459014,9.182341058044212,27,21,train
162,Brooke,Cox,f,1953-06-26,Lyon,45.75795939368164,4.856702566124633,21,5,flight
163,James,Orozco,m,1980-02-07,Moers,51.45274387754454,6.619953527968776,16,10,train
164,Carrie,Webb,f,1972-05-08,Faro,37.05513539756149,-7.918355906926212,3,1,train
165,Raymond,Phillips,m,1983-06-01,Aveiro,40.6422003746424,-8.628294431068822,21,3,flight
166,Christopher,Edwards,m,1949-10-06,Kraków,50.0531569263703,19.985059607469502,13,9,train
167,James,Moore,m,1990-12-13,Nyíregyháza,47.93855093845752,21.70849712777077,37,13,train
168,Michael,Poole,m,2006-05-25,Berlin,52.501530896616806,13.401850553093169,20,16,train
169,David,Palmer,m,2001-02-09,Lahti / Lahtis,60.97809390273465,25.68338455553714,14,15,train
170,Kyle,Oconnell,m,1945-06-09,Hamburg,53.54765288129551,10.011885524725471,8,2,flight
171,James,Powell,m,1957-10-20,Milano,45.46844740918378,9.1729385842972,26,8,train
172,Sharon,Conner,f,2001-10-08,Odense,55.385056375744306,10.371786008548263,40,10,train
173,Debbie,Boyd,f,1947-05-04,Hénin - Carvin,50.43936736808637,2.969306021579718,33,17,train
174,Patricia,Mays,f,1995-06-08,Warszawa,52.229342421404866,21.047727599631816,36,11,train
175,Dylan,Cummings,m,1983-08-05,Pordenone,45.953833918490616,12.657187595573467,17,3,flight
176,Donna,Hooper,f,1964-12-11,Catania,37.4420889608842,15.035896142551264,25,13,train
177,Samuel,Tucker,m,1999-12-13,Hamburg,53.54765288129551,10.011885524725471,17,3,flight
178,Debbie,Liu,f,1971-09-21,Kassel,51.31149538763535,9.460352542220855,18,20,train
179,Tina,Gonzalez,f,1960-11-09,Bologna,44.49798042031044,11.333439598403153,27,7,flight
180,Kimberly,Ramirez,f,1952-02-23,Bucureşti,44.441482963296046,26.087619164024186,26,4,train
181,Victor,Mason,m,1974-09-19,Northampton,52.24126234652391,-0.8868510111423317,4,2,flight
182,Ashley,Turner,f,1997-09-29,Košice,48.70355143408725,21.228480121550373,29,8,train
183,Marisa,Kelly,f,1961-01-22,Aalborg,57.012916367985575,9.962707487244456,13,9,train
184,Norma,Miranda,x,2001-06-25,Giugliano in Campania,40.929103443080805,14.101687626619453,32,16,train
185,George,Decker,m,1951-05-05,Budapest,47.48387093258584,19.107573117792477,18,7,train
186,Mario,Harper,m,1945-07-17,Leeds,53.82579933738071,-1.5059645322102488,6,5,flight
187,Lauren,Neal,x,2001-02-19,Reggio di Calabria,38.112779459610636,15.718228641949086,27,2,flight
188,Marissa,Woods,f,1961-07-08,Bratislava,48.14883742385323,17.119099104066112,-2,4,train
189,Rachel,Carpenter,f,1971-08-29,Rostock,54.147435385872484,12.143010531804284,14,12,train
190,Shelia,Flores,f,1990-10-30,Arnhem,52.00109137240909,5.892578519132243,23,11,train
191,Justin,Randolph,m,1955-12-15,Manchester,53.45153883633669,-2.2324810296275657,9,11,train
192,Jennifer,Murphy,f,2000-02-26,Bucureşti,44.441482963296046,26.087619164024186,31,11,train
193,Sabrina,Tucker,f,1945-10-13,Amadora,38.75981488374906,-9.229510918934961,3,16,train
194,Joseph,Alexander,x,1966-11-20,Basildon,51.59013735374511,0.46632050026617594,16,10,train
195,Ashley,Cantrell,f,1965-01-02,Łódź,51.76649091878384,19.480261593001654,28,23,train
196,Jeremy,Morris,x,1975-06-06,Zoetermeer,52.06088436715091,4.489768511885256,18,12,train
197,Ashley,Wilson,f,1989-02-19,Braga,41.544485370404296,-8.42091993775306,35,23,train
198,Jason,Thomas,m,1996-04-01,Gdańsk,54.359197406997055,18.634777568204512,36,2,train
199,Barbara,Rice,f,1991-04-28,Limoges,45.84915388172857,1.2497255532217444,5,18,train
200,Robert,Hodge,m,1989-08-23,Caserta,41.08744944266304,14.357478125979526,30,2,train
201,Jacqueline,Shaw,f,1951-12-11,Budapest,47.48387093258584,19.107573117792477,11,0,train
202,Larry,Moran,m,1951-11-07,Ealing,51.52246485152963,-0.33096050248284953,23,12,train
203,Justin,Thompson,m,1960-04-27,Sant Boi de Llobregat,41.335034903991556,2.0421400853161833,21,0,train
204,Jeffrey,Oconnor,m,1953-01-22,Paris,48.85660037259063,2.342805032028295,17,1,flight
205,Joshua,Becker,m,1976-12-16,Terrassa,41.57530590297708,2.0081330832306303,11,0,flight
206,Christine,Fox,f,2003-06-28,Barcelona,41.40100090411096,2.150637084471251,1,19,train
207,Kenneth,Fritz,m,2006-07-16,Orléans,47.897835874459474,1.9293650391825232,21,17,train
208,Allen,Johnson,m,1971-12-28,Berlin,52.501530896616806,13.401850553093169,10,0,flight
209,Mark,Carr,m,1998-05-30,Roma,41.88561543435591,12.46086161630812,14,15,train
210,Mallory,Dillon,f,2005-10-03,Nantes,47.22488436562192,-1.5937274662741499,19,12,train
211,Wesley,Chandler,x,1963-01-25,Bournemouth,50.741775349074196,-1.8578279989704416,27,15,train
212,Ashley,Pearson,f,1974-03-15,Enfield,51.65099585170581,-0.08718200169816798,25,14,train
213,Haley,Nielsen,f,1971-02-22,Hamburg,53.54765288129551,10.011885524725471,19,23,train
214,Nicole,Ward,f,1982-11-16,Sofia,42.70551696319418,23.3597601566759,15,2,flight
215,Frank,Hudson,m,1958-01-31,Wien,48.20843842145425,16.377868099114387,4,9,train
216,George,Wu,m,1999-09-18,Oulu / Uleåborg,65.03555638725337,26.14643950534666,29,12,train
217,Julia,Pena,f,1979-06-04,Chemnitz,50.82634040128421,12.9117920642305,25,1,train
218,Donald,Osborn,m,2000-01-07,Bourges,47.059812880088806,2.379429047592682,20,0,flight
219,Denise,Scott,f,2003-11-27,Bucureşti,44.441482963296046,26.087619164024186,16,0,flight
220,Joshua,Morrison,m,1990-02-19,Zabrze,50.31564192151175,18.786831098451298,30,18,train
221,Robert,White,m,2005-09-01,Luton,51.894219349351495,-0.4255670056004259,12,0,train
222,Kathy,Carter,f,1969-11-16,Birmingham,52.48866284172209,-1.8746500173981087,2,2,train
223,Christopher,Barker,m,1976-06-13,Zaragoza,41.68078239347294,-0.9275409243012062,12,12,train
224,Elizabeth,Pope,f,1996-06-27,Brive-la-Gaillarde,45.17146838508353,1.510604057882515,12,17,train
225,Christian,Moore,m,1961-08-12,Bath and North East Somerset,51.35597684399286,-2.475192507717819,21,5,train
226,Deborah,Dennis,f,1952-12-16,Roma,41.88561543435591,12.46086161630812,5,0,flight
227,Brian,Chandler,m,1955-07-01,Leuven,50.88223087247345,4.705864025164426,17,6,train
228,Rachel,Obrien,x,1946-03-08,Leeds,53.82579933738071,-1.5059645322102488,15,28,train
229,Kimberly,Cooper,x,1997-04-26,Praha,50.06679040878253,14.466016578335703,4,5,train
230,Valerie,Blevins,f,1989-01-31,Cluj-Napoca,46.781525448563066,23.610352143034664,21,15,train
231,Sean,Moore,m,1952-08-04,Montbéliard,47.485550893408245,6.831912560307601,25,1,flight
232,Juan,Cox,m,2004-01-20,Larisa,39.64421147199142,22.40558016154085,15,6,train
233,Jessica,Andrews,f,1984-07-22,Catania,37.4420889608842,15.035896142551264,16,0,flight
234,Michael,Griffith,m,1964-06-15,Ljubljana,46.05426942415477,14.562960102777554,14,21,train
235,Heidi,Moyer,x,1984-08-11,Derby,52.91257984119828,-1.4683030204670142,20,3,flight
236,Andrea,Hess,f,1999-09-26,Greenwich,51.47282485269071,0.05630350012260533,21,11,train
237,Kyle,Pollard,m,1961-12-29,Warszawa,52.229342421404866,21.047727599631816,4,12,train
238,Christian,Huber,m,1949-09-01,Liverpool,53.40398783305454,-2.916680032037473,18,2,train
239,Sandra,Calderon,f,1951-05-17,Warszawa,52.229342421404866,21.047727599631816,28,17,train
240,Kathy,Adkins,f,1995-05-31,Bologna,44.49798042031044,11.333439598403153,26,10,train
241,James,Hoover,m,1964-02-26,Zagreb,45.80990792970964,16.000011611245,31,5,train
242,Kristen,Martinez,f,1968-05-15,Szczecin,53.431805897306205,14.614140551665848,27,10,train
243,Mariah,Moore,x,1992-12-05,Toulouse,43.627354391889114,1.4132455691666788,12,2,train
244,Debbie,Perry,f,1997-05-20,Rotterdam,51.92429436692899,4.329424013166939,25,20,train
245,Michelle,Wagner,f,1968-03-26,Napoli,40.85667344334207,14.23935662736585,20,1,train
246,Ann,Taylor,x,1987-11-14,Saint-Etienne,45.47030839398074,4.467540065595988,22,3,flight
247,Sandra,Reilly,f,2003-08-28,Sassari,40.74465292593446,8.364321607548721,19,14,train
248,Travis,Hernandez,m,1951-01-29,Milton Keynes,52.08385434764644,-0.7334630098889865,11,1,train
249,Colleen,Velazquez,x,1951-08-13,Praha,50.06679040878253,14.466016578335703,8,9,train
250,Colton,Stewart,m,1975-10-25,Gdańsk,54.359197406997055,18.634777568204512,2,0,flight
251,Thomas,Miller,m,1988-06-29,Freiburg im Breisgau,47.992567894820525,7.818127561720919,27,3,train
252,Robert,Shaw,m,1974-12-17,Albacete,38.95620290434851,-1.8917539100237637,29,5,train
253,Kenneth,Hernandez,m,1951-10-29,Camden,51.54637435197856,-0.15734650177568965,18,13,train
254,Kaitlin,Williams,f,1959-04-21,Hackney,51.55223785194844,-0.06334400141587329,25,21,train
255,Patricia,Stephenson,x,1952-07-14,Jönköping,57.817396879361716,14.216103004821855,24,4,flight
256,Laura,Martinez,f,1951-07-27,Paris,48.85660037259063,2.342805032028295,7,9,train
257,Meagan,Bauer,f,1983-04-07,Milano,45.46844740918378,9.1729385842972,14,0,flight
258,Benjamin,Ruiz,m,1982-05-19,Örebro,59.26405837772792,15.331018995382108,19,12,train
259,Wyatt,Peck,m,1999-06-25,Zaragoza,41.68078239347294,-0.9275409243012062,21,8,train
260,Nicholas,Luna,m,1992-12-07,Kingston upon Thames,51.38786935198867,-0.2868880007734268,25,0,flight
261,Elizabeth,Gallagher,f,1964-12-11,Lyon,45.75795939368164,4.856702566124633,6,7,train
262,Aaron,Anderson,m,1989-11-05,Würzburg,49.78465589502347,9.940895557516175,13,15,train
263,Crystal,Baker,f,1995-07-12,Iaşi,47.1568894578878,27.590529161849098,19,15,train
264,Paul,Chen,m,1957-08-25,Opole,50.66124291716312,17.94094259241088,20,12,train
265,Mike,Sheppard,m,1957-04-02,Warszawa,52.229342421404866,21.047727599631816,23,2,flight
266,Lucas,Cline,m,1965-11-24,Valladolid,41.66161388072258,-4.7772079323302865,9,27,train
267,James,Cohen,m,1948-04-29,Jönköping,57.817396879361716,14.216103004821855,17,10,train
268,Samantha,Chase,f,1945-03-14,CA Val de France,48.99060787200509,2.3976625310518513,14,8,train
269,Nancy,Henson,f,1980-07-29,Telford and Wrekin,52.730241337564266,-2.4887495231608363,24,7,flight
270,Garrett,Pierce,m,1954-12-26,Lemesos,34.71757152466451,33.07050070575859,37,3,flight
271,Robert,Mathis,m,1946-06-22,Limoges,45.84915388172857,1.2497255532217444,25,12,train
272,Pamela,Wheeler,f,1990-02-05,Birmingham,52.48866284172209,-1.8746500173981087,24,20,train
273,Timothy,Young,m,1993-10-30,Narva,59.354172914831686,28.108814091043314,17,4,train
274,Samantha,Barron,f,1967-02-22,Varna,43.20340497316684,27.916832175277843,17,10,train
275,Miguel,Smith,m,1962-05-23,Lambeth,51.45307385213257,-0.11820550045341754,-13,9,train
276,Stephanie,Lewis,f,1948-12-23,Coventry,52.41687734352867,-1.5197780156424332,19,9,train
277,John,Baker,m,1957-07-16,Trieste,45.664012922762744,13.798628602691307,25,5,flight
278,Amanda,Frederick,f,1993-05-28,Westminster,51.51390235185948,-0.16122600155497002,10,3,flight
279,Sonya,Waters,f,1980-01-15,Metz,49.10507788493888,6.13815804551904,24,3,train
280,Lindsey,Wilson,f,1988-07-06,Wuppertal,51.25060738029886,7.168951032921459,26,4,flight
281,Shannon,Rose,x,1988-02-02,Dublin,53.35916231997213,-6.258341542015994,31,6,train
282,Lisa,Wilson,f,1957-01-25,Marseille,43.307875405980376,5.421837583654458,23,34,train
283,Michelle,Hunter,f,1968-11-04,Enfield,51.65099585170581,-0.08718200169816798,14,3,train
284,Neil,Simmons,x,1972-04-07,Dublin,53.35916231997213,-6.258341542015994,22,5,train
285,Michelle,Scott,f,1991-03-02,Crawley,51.12546385397104,-0.18194949820326192,19,18,train
286,Jeffrey,Johnson,m,1994-09-12,Płock,52.537547416324905,19.701583089710333,15,18,train
287,Beverly,Estrada,x,1959-11-26,Southwark,51.47312535239425,-0.0745540004079525,8,5,flight
288,Jack,Robertson,m,1967-12-21,Torino,45.071739405866,7.678005080342866,14,4,train
289,Sabrina,Peterson,x,1957-10-21,Chalon-sur-Saône,46.805479889512796,4.825558558592959,27,1,train
290,Thomas,Graves,m,1975-12-30,Madrid,40.465380890314236,-3.696280422676111,13,14,train
291,Stacy,Scott,f,1998-09-20,Borås,57.73233987528867,12.941105498618168,10,18,train
292,Brandon,Guerra,m,1949-05-15,Debrecen,47.530332439527804,21.66582162905771,21,7,train
293,Kimberly,Wilkins,f,1959-03-25,Köln,50.94566738051823,6.973237033864535,35,9,train
294,Sandra,Hernandez,f,1975-09-16,Brno,49.20677741880377,16.588777594891873,29,8,flight
295,William,Franco,m,1997-11-27,Bologna,44.49798042031044,11.333439598403153,27,8,train
296,Angela,Grant,f,1987-10-30,Zoetermeer,52.06088436715091,4.489768511885256,15,15,train
297,Curtis,Moore,m,1973-12-04,Madrid,40.465380890314236,-3.696280422676111,14,2,train
298,Anthony,James,m,1996-06-11,Amiens,49.86702986824254,2.2898070229693865,13,10,train
299,Nancy,Maldonado,f,2002-08-02,Córdoba,37.84926040197261,-4.701797908139346,12,6,train
300,Hannah,Hernandez,f,1961-05-03,Chambéry,45.57797889830364,5.9481615702898845,16,19,train
301,Eileen,Bennett,f,1996-04-25,Sheffield,53.40448833848201,-1.5504635263170954,26,10,train
302,Samantha,Allen,f,1969-03-14,Barcelona,41.40100090411096,2.150637084471251,33,1,flight
303,Karen,Baldwin,f,2004-03-14,Brighton and Hove,50.844538855368405,-0.1339394943861348,29,16,train
304,Judith,Long,f,1963-06-14,Plovdiv,42.143225968976566,24.73811416401724,21,2,train
305,Stephen,Yang,m,1964-10-29,Warszawa,52.229342421404866,21.047727599631816,7,23,train
306,Jordan,Dominguez,m,1969-12-14,Kielce,50.86098192464511,20.608948605201928,11,8,flight
307,Debbie,Obrien,x,1986-03-05,Berlin,52.501530896616806,13.401850553093169,25,14,train
308,John,Dorsey,m,1944-09-08,Košice,48.70355143408725,21.228480121550373,25,4,flight
309,Christopher,Smith,m,1966-10-05,Angers,47.49312486771021,-0.5810319664278287,6,10,train
310,Jill,Martin,f,1956-06-05,Rotterdam,51.92429436692899,4.329424013166939,19,27,train
311,Jade,Harris,f,1984-03-02,Caserta,41.08744944266304,14.357478125979526,22,12,train
312,Brandon,Dillon,m,1966-10-18,Walsall,52.59929134032556,-1.9663115191899005,24,23,train
313,Elizabeth,Heath,f,1956-05-10,Cremona,45.14090491291037,10.029638089520516,23,11,train
314,Shannon,Wilson,f,1972-04-04,Bruxelles / Brussel,50.836054371263224,4.370656523535053,15,15,train
315,Amanda,Williams,f,1969-05-28,Dublin,53.35916231997213,-6.258341542015994,25,2,flight
316,Sharon,Perez,f,1950-04-12,Stuttgart,48.774544396573845,9.172073061100896,22,21,train
317,Elizabeth,Smith,f,1980-12-19,Limoges,45.84915388172857,1.2497255532217444,0,0,train
318,Denise,Charles,f,1952-07-06,Iaşi,47.1568894578878,27.590529161849098,30,3,flight
319,Virginia,Flores,f,2000-09-26,Ealing,51.52246485152963,-0.33096050248284953,27,9,train
320,Thomas,Warner,x,1984-10-31,Magdeburg,52.116520392190445,11.641389547202564,27,12,train
321,Brittany,Gutierrez,f,2003-11-10,Rybnik,50.10556342111861,18.544194099107152,39,9,train
322,Garrett,Nelson,m,2002-01-12,Milano,45.46844740918378,9.1729385842972,28,24,train
323,Katherine,Rodriguez,f,1988-11-13,Palermo,38.13025245236106,13.331011134941448,4,4,train
324,Angela,Mullins,f,1945-11-17,Evry,48.61686837365009,2.4191145352710595,11,3,train
325,Craig,Figueroa,m,1969-02-10,Valencia,39.41977690574208,-0.35983990923487325,5,11,train
326,James,May,m,1950-06-09,Montpellier,43.615608899928596,3.863217075771536,25,14,train
327,Cynthia,Hawkins,f,2005-06-24,Sofia,42.70551696319418,23.3597601566759,43,10,train
328,Matthew,Williams,m,1974-07-21,Kraków,50.0531569263703,19.985059607469502,17,11,train
329,Joanna,Silva,f,1948-01-12,Madrid,40.465380890314236,-3.696280422676111,14,15,train
330,Christina,Roberson,f,1973-06-23,Paris,48.85660037259063,2.342805032028295,15,22,train
331,Jo,Parsons,f,2001-04-16,Praha,50.06679040878253,14.466016578335703,37,5,flight
332,Edward,Jones,m,1986-11-24,Camden,51.54637435197856,-0.15734650177568965,12,5,flight
333,James,Patton,m,1950-09-17,Islington,51.548450852176295,-0.11019650107428684,20,10,train
334,Corey,Morales,m,1969-10-25,Grenoble,45.14822939899123,5.686440073058086,23,12,train
335,Catherine,Jones,f,2002-01-24,Botoşani,47.744367953186504,26.67675815470307,17,20,train
336,Patrick,Jackson,x,1974-02-01,Le Havre,49.52896086187299,0.17839151823621702,11,19,train
337,Manuel,Gray,m,1978-03-27,Zagreb,45.80990792970964,16.000011611245,31,4,train
338,Brittany,Green,f,1999-05-10,Pleven,43.40670796305364,24.618921160578704,26,5,flight
339,Matthew,Nguyen,m,1948-12-11,Barking and Dagenham,51.54520485265068,0.13344199919448313,20,9,train
340,Kayla,Ward,f,1953-06-12,Brugge,51.24782386587193,3.2149930146059837,14,7,train
341,Richard,Wilson,m,1982-04-19,Versailles,48.79591087140219,2.1136025320060545,15,13,train
342,Raymond,Barber,m,1958-05-24,Stoke-on-trent,53.018106338324365,-2.164492024083208,10,7,flight
343,Emily,Davis,f,1969-11-03,Waltham Forest,51.5940453522169,-0.012591000839427529,25,10,train
344,James,Horton,x,1996-08-16,Reykjavík,64.15863219443466,-21.673627762292814,16,7,flight
345,Jodi,Carr,f,1960-04-26,Madrid,40.465380890314236,-3.696280422676111,4,10,train
346,Amy,Young,f,1971-04-17,Tübingen,48.52770639644928,9.0479365620779,12,1,flight
347,Andres,Lee,m,1975-02-15,Kirklees,53.62743333688544,-1.7631760307478912,33,10,train
348,Richard,Williams,m,2003-12-12,Nantes,47.22488436562192,-1.5937274662741499,25,15,train
349,Cody,Acevedo,m,1946-09-22,Budapest,47.48387093258584,19.107573117792477,15,15,train
350,Jennifer,Carter,f,1978-08-21,St. Helens,53.45955583370904,-2.723607032007504,27,8,train
351,Brandon,Gonzales,m,1984-01-26,Barcelona,41.40100090411096,2.150637084471251,20,9,train
352,Edward,Harris,m,1985-03-19,Napoli,40.85667344334207,14.23935662736585,13,12,train
353,Donald,Barnes,m,2002-05-24,Vila Nova de Gaia,41.07444687214968,-8.580531933826416,29,3,train
354,Scott,Cruz,m,1987-10-28,Salamanca,40.961792381851396,-5.6795789299195345,8,1,train
355,Adam,Wells,m,2001-08-27,Palermo,38.13025245236106,13.331011134941448,6,2,flight
356,Daniel,Franco,m,1985-09-23,Almada,38.6356003844823,-9.193030918074623,-4,1,train
357,Jeffrey,Russo,m,2001-03-31,Göttingen,51.54304288849949,9.931497543021528,32,1,flight
358,Ashley,Adams,f,1997-03-23,Reggio di Calabria,38.112779459610636,15.718228641949086,10,4,flight
359,Douglas,Lee,m,1957-02-20,Valencia,39.41977690574208,-0.35983990923487325,24,5,train
360,Julia,George,f,1984-09-04,Wigan,53.52419233456277,-2.589476031704518,33,8,train
361,Natalie,Hernandez,f,2006-01-28,Stockholm,59.321282886348065,17.993315014119414,12,21,train
362,Elizabeth,Zhang,f,2005-08-08,Drobeta-Turnu Severin,44.66684995274754,22.575422146224884,9,7,train
363,Lindsey,Williamson,f,1972-04-07,Budapest,47.48387093258584,19.107573117792477,14,19,train
364,Roger,Mejia,m,1984-08-02,Salzburg,47.797542412497116,13.046682085502555,18,16,train
365,Beth,Mendez,x,1950-05-31,Warszawa,52.229342421404866,21.047727599631816,0,1,flight
366,Andrea,Cardenas,x,1963-04-06,Dordrecht,51.78148286956646,4.708915516732684,14,0,flight
367,Robert,Cannon,x,1988-09-09,Rimini,44.03883492587881,12.530451105378036,41,4,train
368,Allen,Jones,m,1976-12-26,Southend-on-Sea,51.5476978553656,0.7094260009877659,20,0,flight
369,Michael,Blackwell,m,1994-11-17,Guildford,51.24778935156318,-0.5615964997662953,28,5,train
370,Janice,Phillips,f,1964-08-28,Foggia,41.45626044482284,15.583627129442013,43,1,flight
371,Joseph,Campbell,m,1978-09-15,Luzern,47.05330140022183,8.29198906989693,27,15,train
372,Debra,Briggs,x,1980-05-13,Rotherham,53.408660339902724,-1.2861710252288965,21,20,train
373,Angel,Brown,m,2005-02-08,Mannheim,49.49939039089092,8.50036605281845,20,12,train
374,Marie,Hunt,f,1970-04-21,Amsterdam,52.372927867672,4.889001010591849,11,9,train
375,Cory,Bruce,m,1958-06-09,Hounslow,51.46839035135398,-0.36687500212093005,7,13,train
376,Timothy,Smith,m,1992-01-12,Gateshead,54.93533333184182,-1.6831940452082417,19,4,train
377,Nicholas,Smith,m,1948-06-14,Kingston-upon-Hull,53.76418334225426,-0.3348805259341996,11,13,train
378,Nancy,Briggs,f,1951-11-01,Leeds,53.82579933738071,-1.5059645322102488,21,5,train
379,Sherry,Ray,x,1970-08-03,Budapest,47.48387093258584,19.107573117792477,17,1,train
380,Brenda,Yu,f,1972-08-31,Hamburg,53.54765288129551,10.011885524725471,12,5,flight
381,Paul,Stanley,m,1986-07-30,Stuttgart,48.774544396573845,9.172073061100896,31,14,train
382,Robert,Giles,x,1969-02-11,Stockholm,59.321282886348065,17.993315014119414,5,3,flight
383,Jessica,Phillips,f,1982-12-24,Reading,51.45298784905812,-0.9838090036464999,28,2,train
384,Kathleen,Miranda,f,1946-05-03,Enfield,51.65099585170581,-0.08718200169816798,30,28,train
385,Robert,Chapman,m,1991-02-03,Warszawa,52.229342421404866,21.047727599631816,10,11,train
386,Ashley,Wu,f,1986-09-15,Castelldefels,41.27670790386773,1.9705980846493159,35,4,train
387,Stephen,Mills,x,1995-02-13,Salford,53.4895863355024,-2.3701020310647447,10,11,train
388,Jessica,Francis,f,1948-09-15,Barking and Dagenham,51.54520485265068,0.13344199919448313,18,6,flight
389,Brenda,Jackson,x,2003-01-14,Lambeth,51.45307385213257,-0.11820550045341754,23,12,train
390,Kristina,Martinez,f,1973-05-20,Vigo,42.20336886614395,-8.722581942020899,16,10,train
391,David,Miller,m,2000-03-14,Sofia,42.70551696319418,23.3597601566759,26,5,train
392,Anthony,Swanson,x,2002-08-25,Debrecen,47.530332439527804,21.66582162905771,12,19,train
393,Kimberly,Garza,f,1966-10-31,Catania,37.4420889608842,15.035896142551264,13,5,flight
394,Jennifer,Mason,f,1995-02-21,Chambéry,45.57797889830364,5.9481615702898845,22,9,train
395,Tracy,Brooks,f,1956-01-30,Lisboa,38.74164388366548,-9.15756241859606,25,20,train
396,Shawn,Mccoy,x,1974-03-27,Lüneburg,53.24105588387,10.416634030696102,4,8,train
397,Scott,Gordon,x,1981-01-08,Croydon,51.355340853150445,-0.0870919996031656,25,8,flight
398,Bradley,Summers,m,1994-10-12,Ourense,42.350734867897806,-7.889780943071022,8,21,train
399,Thomas,Davis,m,1972-10-24,Westminster,51.51390235185948,-0.16122600155497002,31,17,train
400,Kristin,Young,x,1971-06-08,Terrassa,41.57530590297708,2.0081330832306303,25,11,train
401,Molly,Morris,f,1946-09-30,Split,43.51251993943064,16.514543624099534,25,12,train
402,Tiffany,Robinson,f,1965-01-04,Zaragoza,41.68078239347294,-0.9275409243012062,12,3,train
403,Natalie,Tate,f,1990-06-11,Roma,41.88561543435591,12.46086161630812,20,2,train
404,Robert,Weber,m,1989-06-17,Vilanova i la Geltrú,41.237110903345695,1.7048660850136077,19,13,train
405,Brian,Jacobs,x,1964-01-15,Lahti / Lahtis,60.97809390273465,25.68338455553714,24,7,train
406,Vanessa,Jackson,f,1959-07-29,Gliwice,50.29922442081645,18.653594598109457,14,5,train
407,Andrew,Brown,m,1985-06-12,Warrington,53.399125334590046,-2.562842030709771,21,5,flight
408,Brandon,Poole,m,1985-06-07,Kassel,51.31149538763535,9.460352542220855,-4,9,train
409,Joshua,Stark,m,1982-02-23,Szczecin,53.431805897306205,14.614140551665848,19,4,flight
410,Angela,Bender,x,1971-05-02,Albacete,38.95620290434851,-1.8917539100237637,17,10,train
411,Jimmy,Schmidt,m,1987-03-09,Birmingham,52.48866284172209,-1.8746500173981087,3,7,train
412,Elizabeth,Pearson,f,1998-06-11,Nottingham,52.960635842004024,-1.1764805207413322,17,5,train
413,Leah,Hall,f,2001-10-17,Lisboa,38.74164388366548,-9.15756241859606,22,5,flight
414,Robert,Rivera,m,1992-02-20,Melun,48.54207987436217,2.6444520366987825,21,16,train
415,Gina,Powell,f,1949-09-08,Budapest,47.48387093258584,19.107573117792477,4,4,train
416,Richard,Baker,m,1964-08-21,Alytus,54.40111742201542,24.036206602594852,25,12,train
417,Heidi,Lopez,f,1979-04-21,Burgas,42.52555597439132,27.42299467523289,11,1,flight
418,Brett,Shaw,m,1996-09-17,Torino,45.071739405866,7.678005080342866,20,10,train
419,Christina,Wilson,f,1952-06-04,Râmnicu Vâlcea,45.0883829563495,24.353415653775507,17,14,train
420,William,Potter,m,1951-05-04,Bucureşti,44.441482963296046,26.087619164024186,15,6,train
421,Shane,Wolfe,m,2006-06-15,Velsen,52.45039836573237,4.625967509158815,31,10,train
422,Bruce,Waters,m,1950-01-21,Hannover,52.37949938499312,9.769702535193039,0,5,flight
423,Heather,Freeman,f,1990-06-26,Trento,46.06150091315179,11.110758088732357,21,1,flight
424,Caitlin,Caldwell,f,1953-02-19,Székesfehérvár,47.189742931786576,18.444751115178878,22,19,train
425,Stacey,Joseph,f,2005-01-11,Perpignan,42.74958990051725,2.8467865787503435,23,2,flight
426,Richard,Jenkins,m,1969-01-23,Malmö,55.56578938423993,13.019107022899528,35,3,train
427,Logan,Keller,m,1967-07-28,Wrocław,51.12769191278455,16.99608458367413,15,0,flight
428,Andrew,Warren,m,1979-12-20,Mulhouse,47.77093639414953,7.3300340603388845,33,0,flight
429,Angela,Smith,f,1992-10-16,Bexley,51.458880853000196,0.14057900008743524,27,11,train
430,Juan,Hampton,m,1951-04-29,Wuppertal,51.25060738029886,7.168951032921459,6,8,flight
431,Timothy,Doyle,m,1975-07-31,Douai,50.356982368687014,3.1182370228728056,4,9,train
432,Jason,Johnson,m,1957-03-16,Thurrock,51.509150853817516,0.36788350062005254,22,4,flight
433,Diamond,Robinson,f,1993-03-21,München,48.15320390650567,11.547254076048949,3,7,train
434,Nicholas,King,m,1957-03-22,Sandwell,52.5154543403666,-2.0089675189268053,44,0,flight
435,Robyn,Mcdonald,f,1998-07-02,Warszawa,52.229342421404866,21.047727599631816,17,7,flight
436,Michelle,Ramirez,x,1963-02-09,Lincoln,53.224751343816536,-0.5548210211387524,13,13,train
437,William,Lopez,m,1971-03-19,Meaux,48.963876873687234,2.890435033359788,15,17,train
438,Christopher,Robinson,m,2000-09-13,Praha,50.06679040878253,14.466016578335703,21,4,flight
439,Joseph,Alvarado,m,2005-12-29,Almelo,52.34792237415357,6.65820651938098,16,24,train
440,Lori,Hines,f,1979-01-19,Lille,50.65001386778346,3.047986019489509,19,12,train
441,Aimee,Grant,f,1987-07-12,Ceuta,35.891973911241394,-5.340382398246151,20,9,train
442,David,Soto,m,1989-04-30,Wolverhampton,52.58920034000332,-2.1209780194068983,28,10,train
443,Alison,Anderson,f,1975-07-01,East Staffordshire,52.86336233971106,-1.8122260208784138,12,10,train
444,Lauren,Clarke,f,1996-06-05,Bayonne,43.482612382491986,-1.5133519381453457,23,4,flight
445,Gerald,Alvarado,m,1948-07-13,Liège,50.63519937674546,5.574437530436929,23,0,flight
446,Christina,Mercer,x,1955-11-21,Ashford,51.12531385780505,0.8114770067612115,17,8,flight
447,Devon,Roman,m,1999-03-04,Madrid,40.465380890314236,-3.696280422676111,24,15,train
448,Dennis,Medina,x,1948-07-07,Barnet,51.61604285134724,-0.20995100250311396,37,6,flight
449,Ana,Williams,f,1979-03-08,Gloucester,51.84939984299006,-2.2402720124001774,26,10,train
450,Jacob,Morris,m,1981-05-09,Madrid,40.465380890314236,-3.696280422676111,18,18,train
451,Alexis,Duncan,f,1960-09-17,Venezia,45.48492541898035,12.282451096688764,26,15,train
452,Donald,Hunter,m,2001-11-18,Sofia,42.70551696319418,23.3597601566759,37,12,train
453,Patrick,Herrera,m,1989-08-20,Perpignan,42.74958990051725,2.8467865787503435,31,8,flight
454,Candace,Thompson,f,1991-04-14,Speyer,49.3297428914428,8.435049054416421,19,15,train
455,Anthony,Leon,x,1967-09-03,Madrid,40.465380890314236,-3.696280422676111,36,1,train
456,Stephanie,Parker,x,1991-06-03,København,55.67543938195679,12.552657018524194,22,6,flight
457,Angelica,Jones,f,1993-08-25,Setúbal,38.522195385751985,-8.917268416704003,31,21,train
458,Craig,Brown,m,1971-05-13,Lisboa,38.74164388366548,-9.15756241859606,9,14,train
459,Jonathan,Arnold,m,1966-07-13,Kaunas,54.89930642044836,23.9323405989904,10,8,flight
460,Erika,Stevens,f,1963-09-28,Wakefield,53.6606938384246,-1.4117225290981277,7,26,train
461,Alex,Jones,m,2003-08-07,Darlington,54.54879283392636,-1.5526005404032575,22,4,train
462,Brittany,Pennington,x,1969-04-06,Oxford,51.754597847030354,-1.2409040080485132,30,4,train
463,Patrick,Davis,m,2007-06-05,Würzburg,49.78465589502347,9.940895557516175,18,13,train
464,Mike,Tucker,m,1952-05-26,Toulouse,43.627354391889114,1.4132455691666788,6,6,train
465,Mark,Lee,m,1983-02-03,Toulouse,43.627354391889114,1.4132455691666788,22,13,train
466,Sandra,Graves,f,1947-01-11,Napoli,40.85667344334207,14.23935662736585,20,7,flight
467,Andrew,Norris,x,1994-02-16,Paris,48.85660037259063,2.342805032028295,28,1,train
468,Dan,Miller,m,1972-12-22,Croydon,51.355340853150445,-0.0870919996031656,27,3,train
469,Robert,Russell,x,2004-01-01,Paris,48.85660037259063,2.342805032028295,18,25,train
470,Ashley,Jones,f,1979-07-13,Suceava,47.67008595198876,26.263315652464954,20,4,train
471,Alexander,Hanson,x,1959-04-22,'s-Gravenhage,52.06846386666703,4.300611511666192,9,4,train
472,Ronald,Miller,m,1966-10-12,Borås,57.73233987528867,12.941105498618168,26,1,flight
473,Brittany,Guerra,f,1971-02-28,Zagreb,45.80990792970964,16.000011611245,19,0,flight
474,Sarah,Hoffman,f,1962-03-03,Caen,49.20334786114989,-0.34953197927652935,28,17,train
475,Emily,Flores,f,1961-04-05,Breda,51.5847618702555,4.761253517883811,16,3,train
476,Amy,Brown,f,1964-11-16,Darlington,54.54879283392636,-1.5526005404032575,22,18,train
477,Theresa,Bryant,x,1968-11-05,Lincoln,53.224751343816536,-0.5548210211387524,22,4,flight
478,Daniel,Hughes,m,1986-07-28,Norrköping,58.59776288325021,16.287846510223243,21,19,train
479,Linda,Hernandez,f,1988-02-24,Ferrol,43.50967786065056,-8.270126951359712,23,13,train
480,Nathan,Nelson,m,1977-02-09,Göteborg,57.73738037252508,11.95484349088612,32,15,train
481,Sarah,Blevins,f,1963-09-01,Gateshead,54.93533333184182,-1.6831940452082417,31,3,flight
482,Nicole,Holmes,f,1980-04-26,Stuttgart,48.774544396573845,9.172073061100896,15,12,train
483,Deborah,Ingram,x,1983-08-15,Barcelona,41.40100090411096,2.150637084471251,11,5,flight
484,Maria,Bowers,f,1989-06-07,Colchester,51.875589854244005,0.8574819986877106,20,9,train
485,Jessica,Hawkins,x,1953-02-04,Gdynia,54.50645190539248,18.4794390665542,31,21,train
486,William,Fowler,m,1958-05-15,Rīga,56.97808391285029,24.122314583343496,17,6,flight
487,Julie,Bass,f,1974-06-02,Wolverhampton,52.58920034000332,-2.1209780194068983,20,19,train
488,Dave,Keller,m,1995-09-26,München,48.15320390650567,11.547254076048949,25,3,flight
489,Patricia,Jackson,f,2003-06-08,St Albans,51.77205385077409,-0.34242300491220157,21,2,flight
490,Michael,Franco,m,1999-06-20,Genova,44.44156991244938,8.89315058906256,21,9,train
491,Nicole,Riley,f,1983-02-21,Berlin,52.501530896616806,13.401850553093169,15,15,train
492,Greg,Sullivan,m,1980-11-29,Paderborn,51.73023938349916,8.754223036174471,38,0,flight
493,Jill,Smith,f,1979-11-22,Haarlem,52.38342286608536,4.647515010318063,18,5,train
494,Emily,Smith,f,1989-06-19,Timişoara,45.76426894510867,21.201888135565795,30,4,flight
495,Robert,Johnson,m,1995-02-21,CA du Plateau de Saclay,48.713575371936194,2.1697135331152637,25,0,train
496,Brent,Flores,m,1945-11-19,Barcelona,41.40100090411096,2.150637084471251,27,8,flight
497,Kristina,Lopez,f,1988-05-31,Pavia,45.19770441066062,9.164637085782386,12,1,train
498,Jeremy,Bryan,x,1948-11-26,Lublin,51.225756929055294,22.55662461420982,12,11,train
499,Stephanie,Campbell,f,1955-10-29,Merton,51.40994985220742,-0.19723899973846512,30,20,train
500,Jamie,Wiley,f,1970-04-24,Leipzig,51.3421743975741,12.374768557730988,16,4,train
501,Edward,Wilson,x,1947-09-24,Lyon,45.75795939368164,4.856702566124633,26,0,flight
502,Brittany,Myers,f,2000-08-05,Roma,41.88561543435591,12.46086161630812,17,13,train
503,Brianna,Thomas,f,1992-12-26,Köln,50.94566738051823,6.973237033864535,25,4,flight
504,Derek,Martinez,m,1962-05-06,Wien,48.20843842145425,16.377868099114387,17,2,train
505,Terri,Brown,x,1982-02-14,Monza,45.58529590953844,9.276116584045809,36,11,train
506,Willie,Smith,m,1988-12-28,Jelenia Góra,50.87096590957351,15.708177578830728,29,14,train
507,Valerie,Lewis,f,1979-03-22,Warszawa,52.229342421404866,21.047727599631816,10,5,flight
508,Shawn,Welch,m,1961-01-17,Magdeburg,52.116520392190445,11.641389547202564,23,13,train
509,Anthony,Anderson,m,1972-07-28,Genève,46.20575739652619,6.141925066688275,16,12,train
510,Kyle,Taylor,m,1949-08-26,Cartagena,37.63902391353102,-0.9899714008787837,21,18,train
511,George,Mccann,m,1948-08-21,Birmingham,52.48866284172209,-1.8746500173981087,21,8,train
512,Zachary,Graves,m,1947-06-04,Esslingen am Neckar,48.74129239665477,9.326524062338043,15,12,train
513,Cameron,Williamson,m,2005-01-10,Cork,51.89602031853961,-8.466781530428602,25,16,train
514,Maria,Mclaughlin,f,1994-10-24,La Spezia,44.10998841689152,9.82114409389303,24,12,train
515,Paula,Ramos,x,1963-01-08,Roma,41.88561543435591,12.46086161630812,26,8,flight
516,Nicholas,Huffman,m,1962-08-18,Grenoble,45.14822939899123,5.686440073058086,34,2,train
517,Jerry,Kelly,m,1993-12-02,León,42.58851037424439,-5.576266940825095,18,16,train
518,Timothy,Hill,m,1958-08-10,Waltham Forest,51.5940453522169,-0.012591000839427529,17,4,train
519,Alexandria,Hogan,x,1967-04-23,Dortmund,51.51619438001541,7.474918531446702,15,4,train
520,Randy,Krueger,m,1965-04-03,Białystok,53.13222442400308,23.1588116057427,9,0,flight
521,Sara,Johns,f,1988-06-26,Amsterdam,52.372927867672,4.889001010591849,29,8,train
522,Paul,Hernandez,m,2001-03-31,Glasgow City,55.85791931728089,-4.252553568017472,7,7,train
523,Meghan,Garcia,f,2007-01-29,Bologna,44.49798042031044,11.333439598403153,33,2,flight
524,Jennifer,Collins,f,1981-03-25,Tallinn,59.42500940617369,24.743656064905927,4,6,flight
525,Travis,Smith,m,2003-10-09,Lisburn,54.503456815476156,-6.085444055959641,14,7,train
526,Nicholas,Hunt,m,1950-03-05,Tallinn,59.42500940617369,24.743656064905927,21,14,train
527,Jason,Matthews,m,1974-08-07,Warszawa,52.229342421404866,21.047727599631816,4,10,train
528,Catherine,Marshall,f,1983-03-14,Plymouth,50.39189184216399,-4.118677004021219,11,2,flight
529,Anthony,Walton,m,1973-02-03,Heidelberg,49.40551389271546,8.694181054770484,25,4,flight
530,Jaime,Gray,m,1975-03-03,Madrid,40.465380890314236,-3.696280422676111,10,15,train
531,Wayne,Wells,x,2004-02-03,Zagreb,45.80990792970964,16.000011611245,8,0,flight
532,Drew,Thompson,m,2000-12-12,Sabadell,41.55519140343855,2.101757583949107,36,7,train
533,James,Coleman,m,1965-01-05,Constanţa,44.188120471505236,28.59789517609405,13,5,train
534,Wanda,Ferguson,f,1953-08-29,Athina,37.988880483280404,23.73603517129472,14,8,flight
535,Melissa,Williams,x,1954-02-13,Lisboa,38.74164388366548,-9.15756241859606,22,10,train
536,William,Freeman,m,1981-12-14,Częstochowa,50.80526242106284,19.11826109837683,14,15,train
537,Tammy,Dawson,f,1985-12-23,Genova,44.44156991244938,8.89315058906256,10,12,train
538,Donald,Campbell,m,2003-11-17,Bucureşti,44.441482963296046,26.087619164024186,13,12,train
539,Kevin,Rich,m,1997-10-05,Tarragona,41.13345190281898,1.2718605837640236,6,0,train
540,Christopher,Fischer,m,1964-12-13,Berlin,52.501530896616806,13.401850553093169,8,7,train
541,Jordan,Hoover,m,1966-04-30,Kassel,51.31149538763535,9.460352542220855,42,3,train
542,David,Humphrey,m,1970-01-12,Valenciennes,50.378073870640755,3.5632435236260798,16,6,flight
543,Anthony,Wong,m,1978-03-07,Toulon,43.11990090877171,6.040283086365885,12,19,train
544,Stephen,Patterson,m,1986-10-17,Newham,51.528298852798514,0.036443999540508344,42,5,train
545,Michael,Martin,m,1988-03-08,Parma,44.79366391541514,10.327611592076831,22,19,train
546,Alicia,Ramsey,f,2004-10-18,Târgu Mureş,46.54115695146037,24.556065148474424,21,8,train
547,Amanda,Dominguez,f,1965-08-28,Barnsley,53.535878838040844,-1.5324505286662948,17,8,train
548,Amanda,Lopez,f,1948-06-04,Milano,45.46844740918378,9.1729385842972,32,15,train
549,Marcus,Peterson,m,1975-11-28,Matosinhos,41.21298037140355,-8.671432935428138,23,0,flight
550,James,Meyers,m,1990-07-27,Asti,44.91326340810018,8.1943485833853,10,12,train
551,Raymond,Woodard,x,1996-04-06,Szczecin,53.431805897306205,14.614140551665848,28,1,train
552,Teresa,Mitchell,f,1980-07-22,Tameside,53.47751233683913,-2.0627595296767596,18,12,train
553,Jimmy,Turner,m,2001-08-24,Schweinfurt,50.04701339475063,10.220901056238937,16,15,train
554,Jeffrey,Hoffman,m,1958-03-01,Siegen,50.88107538426582,8.011704039981241,20,3,flight
555,Yvonne,White,f,1995-05-22,Bucureşti,44.441482963296046,26.087619164024186,35,13,train
556,Christopher,Anderson,m,2005-03-09,Antwerpen,51.26056286963082,4.369609020208494,2,4,train
557,James,Holland,m,1947-12-05,Tampere / Tammerfors,61.62951439537203,23.881629532107766,19,5,train
558,Jason,Nunez,m,1983-08-01,Ruda Śląska,50.266300421922885,18.8691595993077,5,3,train
559,Kathleen,Dawson,f,1991-06-04,Brno,49.20677741880377,16.588777594891873,27,1,train
560,Christopher,Shah,m,1981-08-23,Newcastle upon Tyne,55.007979331234175,-1.6583740457578184,14,17,train
561,Susan,Henderson,x,1959-10-03,Northampton,52.24126234652391,-0.8868510111423317,18,7,train
562,Dana,Sanchez,f,2004-10-07,Napoli,40.85667344334207,14.23935662736585,28,25,train
563,Joyce,Hernandez,x,2000-04-15,Strasbourg,48.57227089187239,7.726775556141394,11,12,train
564,Devin,Cruz,m,1967-07-22,Rouen,49.413053365082355,1.02747902247825,19,11,train
565,Karen,Sharp,x,1952-06-04,Wrocław,51.12769191278455,16.99608458367413,37,9,train
566,Lauren,Miller,f,1953-04-18,Trafford,53.41905033535491,-2.355308029952455,20,2,train
567,Shawn,Hawkins,m,2004-11-01,Eindhoven,51.45002537316682,5.458861022635117,17,12,train
568,Mark,Davis,m,1979-02-25,Cartagena,37.63902391353102,-0.9899714008787837,17,2,train
569,Brett,Reynolds,m,1975-05-15,'s-Gravenhage,52.06846386666703,4.300611511666192,19,20,train
570,Michelle,Smith,f,1998-10-05,Marseille,43.307875405980376,5.421837583654458,15,6,train
571,Nathaniel,Garcia,m,1953-07-25,Warszawa,52.229342421404866,21.047727599631816,18,10,train
572,Todd,Peterson,m,1978-08-08,Brent,51.55853285180073,-0.267793002118232,14,6,train
573,Mariah,Anderson,f,2006-02-24,Sabadell,41.55519140343855,2.101757583949107,18,11,train
574,Kenneth,Mcbride,m,2005-07-01,Mainz,49.9741868888696,8.241496548326493,26,6,flight
575,Anthony,Wilkins,x,1948-04-24,Basel,47.55773339578749,7.593258563162677,17,14,train
576,Alexandra,Sims,f,1980-08-25,Shumen,43.269461470564465,26.944463171142,16,26,train
577,Colleen,Cook,f,2003-11-21,Madrid,40.465380890314236,-3.696280422676111,38,3,flight
578,Jeffery,Stewart,m,1984-10-24,Oldenburg (Oldenburg),53.14457437671535,8.224344019822796,23,12,train
579,Ashley,Blake,f,1963-05-22,Napoli,40.85667344334207,14.23935662736585,24,2,flight
580,Carolyn,Lee,f,1959-02-19,St. Gallen,47.422147902418104,9.375244071685376,2,7,flight
581,Lucas,Hall,m,1977-03-20,Groningen,53.22222736978757,6.563383010545235,17,19,train
582,Bryan,Lambert,m,2001-10-28,Merton,51.40994985220742,-0.19723899973846512,16,3,train
583,Jennifer,Miller,f,1996-08-03,Dresden,51.06644140283357,13.78345606722441,18,10,train
584,Amanda,Cervantes,f,1987-10-04,Rosenheim,47.84438640944927,12.108726081653439,25,15,train
585,Julia,Brown,f,1998-03-17,Inowrocław,52.780782911111274,18.253337079327885,28,2,train
586,Shane,Estrada,m,1964-02-27,Larisa,39.64421147199142,22.40558016154085,18,0,train
587,Stacey,Price,f,1969-02-10,CA Marne et Chantereine,48.886514373334435,2.611557532966585,4,11,train
588,Peggy,Morales,f,1993-08-10,Wien,48.20843842145425,16.377868099114387,4,22,train
589,Lisa,Thomas,f,2001-06-28,Mulhouse,47.77093639414953,7.3300340603388845,35,0,train
590,Christopher,Hill,m,1971-06-06,Ruse,43.822060466188546,25.982584164516528,18,9,train
591,Eric,Wilson,m,1954-11-29,Braşov,45.6431784575814,25.57912265684559,19,6,flight
592,Melinda,Williams,x,1991-01-09,Dudley,52.48289684071373,-2.108722018622725,30,21,train
593,Erica,Brown,f,1993-12-02,San Sebastián/Donostia,43.29519338225914,-1.9880134386287611,31,23,train
594,Elizabeth,Church,f,1945-06-04,Coventry,52.41687734352867,-1.5197780156424332,29,2,flight
595,Chelsea,Rodriguez,f,1978-07-07,Creil,49.26642637108732,2.464789029563844,6,2,flight
596,Joseph,Lewis,m,1983-03-22,Madrid,40.465380890314236,-3.696280422676111,27,7,flight
597,Erica,Aguilar,f,1945-01-12,Cremona,45.14090491291037,10.029638089520516,0,10,train
598,Gail,Hill,f,1989-07-26,Coventry,52.41687734352867,-1.5197780156424332,18,2,train
599,Matthew,Turner,m,1950-08-12,Stara Zagora,42.42813646989186,25.623180167866323,13,12,train
600,Daniel,Garcia,m,1970-01-27,Dortmund,51.51619438001541,7.474918531446702,23,16,train
601,Kaitlyn,Villarreal,f,2005-02-07,Stuttgart,48.774544396573845,9.172073061100896,20,11,train
602,Stacey,Atkinson,f,1945-07-28,Bristol,51.46678434264838,-2.600707508820417,11,11,train
603,Sherry,Jackson,f,1980-02-09,Kraków,50.0531569263703,19.985059607469502,25,10,train
604,Marcus,Hutchinson,m,1966-02-06,Brugge,51.24782386587193,3.2149930146059837,26,21,train
605,Sarah,Lee,f,1997-11-23,Potenza,40.659254949278385,15.806815133931151,37,10,train
606,Adam,Palmer,x,1948-01-09,Paris,48.85660037259063,2.342805032028295,27,8,train
607,Anna,Lester,f,2002-01-03,Siegen,50.88107538426582,8.011704039981241,0,6,flight
608,Jason,Lowery,m,1970-11-06,Pardubice,50.0301924128273,15.763685585232949,26,2,train
609,Robert,Johnson,x,2007-08-06,Lublin,51.225756929055294,22.55662461420982,14,3,flight
610,Casey,Bishop,x,2001-06-21,Antwerpen,51.26056286963082,4.369609020208494,2,12,train
611,Michael,Daniels,x,1972-07-27,Asti,44.91326340810018,8.1943485833853,21,8,flight
612,Ricky,Hernandez,m,1966-10-31,Zaragoza,41.68078239347294,-0.9275409243012062,27,14,train
613,David,James,m,1979-01-08,Brugge,51.24782386587193,3.2149930146059837,18,10,train
614,Kimberly,Taylor,f,1975-07-10,Torino,45.071739405866,7.678005080342866,33,4,flight
615,Anthony,Henry,m,1968-04-09,'s-Gravenhage,52.06846386666703,4.300611511666192,25,5,flight
616,Jennifer,Ruiz,f,2003-02-26,Kladno,50.14862290778089,14.111100074941618,18,6,train
617,Noah,Jordan,m,1996-02-28,Piacenza,45.04142091252291,9.717831588105645,7,1,flight
618,Abigail,Rodriguez,f,1991-03-24,Bordeaux,44.879346379245696,-0.6311789451725183,-7,16,train
619,Kristin,Kim,x,1946-05-01,Nice,43.80641840930204,7.234116085927058,23,9,train
620,Carol,King,f,1993-03-23,Madrid,40.465380890314236,-3.696280422676111,31,7,train
621,Christopher,Taylor,m,1955-04-05,Berlin,52.501530896616806,13.401850553093169,20,8,flight
622,Michael,Carrillo,m,1982-02-15,Toulon,43.11990090877171,6.040283086365885,19,0,flight
623,Andrew,Fletcher,m,1967-12-27,Bonn,50.70573238158499,7.109787036191952,44,15,train
624,Christopher,Peters,m,1991-11-26,Lemesos,34.71757152466451,33.07050070575859,47,3,train
625,Amanda,Martinez,f,1968-10-23,Wigan,53.52419233456277,-2.589476031704518,25,19,train
626,Nicole,Gomez,f,2007-01-19,Braga,41.544485370404296,-8.42091993775306,39,3,train
627,Laura,Doyle,x,1954-10-30,Miskolc,48.09272843522887,20.69939162212796,12,13,train
628,Jorge,Saunders,x,1963-02-14,Southwark,51.47312535239425,-0.0745540004079525,15,8,train
629,Ashley,Roberts,f,1950-07-29,Volos,39.34548097528562,22.93501316432436,9,1,flight
630,Julie,Dunn,x,1957-09-13,Dudley,52.48289684071373,-2.108722018622725,22,0,flight
631,James,Elliott,m,1994-03-09,Cosenza,39.27846795629176,16.27141964030653,8,24,train
632,Kristina,Peterson,f,2002-06-17,Capelle aan den IJssel,51.93496486807339,4.580133514027537,15,31,train
633,Lori,King,x,1978-07-19,Jönköping,57.817396879361716,14.216103004821855,28,14,train
634,Troy,Martin,x,1954-05-15,Ełk,53.821350919594664,22.361202596198332,17,9,train
635,Joseph,Mitchell,m,1994-01-18,Helsinki / Helsingfors,60.222317903359645,25.019820057125074,26,14,train
636,Kevin,Strong,m,1958-05-26,Wrocław,51.12769191278455,16.99608458367413,27,6,flight
637,Michelle,Downs,f,1949-12-14,Lisboa,38.74164388366548,-9.15756241859606,29,16,train
638,Suzanne,Rice,f,1960-11-17,Madrid,40.465380890314236,-3.696280422676111,32,11,train
639,Dawn,White,x,1972-02-26,Reggio di Calabria,38.112779459610636,15.718228641949086,30,5,train
640,Kelly,Rivera,f,1993-08-25,Bristol,51.46678434264838,-2.600707508820417,28,16,train
641,Reginald,Watson,m,1987-04-21,Aalborg,57.012916367985575,9.962707487244456,1,13,train
642,Amy,Page,f,2004-11-30,Trier,49.76293738416963,6.655074042345707,16,1,flight
643,Casey,Carter,m,1980-01-24,Łódź,51.76649091878384,19.480261593001654,26,4,flight
644,Robert,Tucker,m,1970-09-12,Hannover,52.37949938499312,9.769702535193039,27,19,train
645,Jaclyn,Lewis,x,1984-12-30,Sheffield,53.40448833848201,-1.5504635263170954,28,19,train
646,David,White,x,1996-12-08,CA du Val d'Yerres,48.6986148736296,2.505567034200092,19,1,train
647,Kelly,Schneider,f,1976-03-13,Düsseldorf,51.23549487861018,6.810182031372937,20,18,train
648,Kimberly,Thompson,f,1981-06-08,Oslo,59.981183359188414,10.739263454189668,32,7,flight
649,Kimberly,Oliver,f,1969-05-28,Wrocław,51.12769191278455,16.99608458367413,31,0,flight
650,Laurie,Sandoval,x,1983-11-12,Dublin,53.35916231997213,-6.258341542015994,25,5,train
651,Benjamin,Miller,x,1995-11-01,Tameside,53.47751233683913,-2.0627595296767596,39,11,train
652,Elizabeth,Combs,f,1994-07-22,Savona,44.336124411206114,8.42325908763853,29,8,train
653,Tyler,Sampson,x,1985-06-22,Katowice,50.21808042268493,19.02306810033907,19,0,flight
654,Debra,Peterson,f,1999-05-04,Göteborg,57.73738037252508,11.95484349088612,15,5,flight
655,Alexandria,Hunter,f,1961-11-30,Halle an der Saale,51.47979639510236,11.96850205351074,13,7,train
656,Felicia,Matthews,x,1972-06-21,Haringey,51.59036135236244,-0.1074170024760148,19,21,train
657,Clayton,Davis,m,1973-01-19,Aix-en-Provence,43.55953090531977,5.476362082306238,0,3,train
658,Sean,Munoz,m,1963-01-07,Monza,45.58529590953844,9.276116584045809,14,1,flight
659,Amber,Hall,f,1976-06-26,Metz,49.10507788493888,6.13815804551904,19,8,flight
660,Lisa,Wiggins,f,1975-08-17,Warszawa,52.229342421404866,21.047727599631816,18,9,train
661,Chelsea,Lamb,f,1969-06-06,Lille,50.65001386778346,3.047986019489509,7,10,train
662,John,Carpenter,m,1948-01-22,Zagreb,45.80990792970964,16.000011611245,38,1,train
663,Ryan,Long,m,1996-08-12,Burgas,42.52555597439132,27.42299467523289,27,11,train
664,Melanie,Jones,f,1991-07-14,Waltham Forest,51.5940453522169,-0.012591000839427529,11,3,flight
665,Greg,Carter,m,1954-11-10,Besançon,47.24126939210671,6.025118058979258,28,5,train
666,Michael,Morgan,m,1975-07-01,Havering,51.56439735328485,0.2211954992455515,20,3,flight
667,Crystal,Sanchez,f,1965-12-17,Gateshead,54.93533333184182,-1.6831940452082417,29,19,train
668,Michael,Lam,m,1999-10-13,Helsingborg,56.06592638177117,12.78647051602282,22,13,train
669,Samantha,Lopez,f,1946-03-01,Ciudad Real,38.970986897625686,-3.9735934136369524,21,6,flight
670,Amber,Berry,x,1952-09-08,Nijmegen,51.83877787308041,5.8368745210673945,30,6,flight
671,Teresa,Miller,f,2000-09-25,Newham,51.528298852798514,0.036443999540508344,12,12,train
672,William,Browning,m,1970-02-02,Douai,50.356982368687014,3.1182370228728056,17,6,train
673,Susan,Harris,f,1950-05-17,Waltham Forest,51.5940453522169,-0.012591000839427529,21,3,flight
674,Samantha,Johnson,f,1998-01-27,Orléans,47.897835874459474,1.9293650391825232,31,8,train
675,Jennifer,Graham,f,1993-12-23,Hamburg,53.54765288129551,10.011885524725471,34,14,train
676,Carl,Ramirez,m,1957-08-23,Aix-en-Provence,43.55953090531977,5.476362082306238,10,1,flight
677,David,Daniels,m,1957-06-05,Fareham,50.853244850790354,-1.2225999991938055,12,8,flight
678,Eric,Reyes,m,1992-05-04,Richmond upon Thames,51.44226885205103,-0.3128840010238135,18,9,train
679,Shannon,Robinson,f,1998-06-20,Bromley,51.3719948533163,0.051608500345148,18,0,train
680,Sara,Delgado,x,1955-11-14,Budapest,47.48387093258584,19.107573117792477,26,27,train
681,Katherine,Butler,f,1968-06-28,Sassari,40.74465292593446,8.364321607548721,46,0,flight
682,David,Coleman,m,1968-03-08,Bordeaux,44.879346379245696,-0.6311789451725183,22,7,train
683,Austin,Williams,m,2006-01-15,CC de la Boucle de la Seine,48.91330687161984,2.158149031397703,28,2,train
684,Andrew,Coleman,m,1957-10-01,Versailles,48.79591087140219,2.1136025320060545,13,4,train
685,Patrick,Henderson,m,1965-02-07,Barking and Dagenham,51.54520485265068,0.13344199919448313,17,7,flight
686,Richard,Estrada,m,1953-08-10,Zaragoza,41.68078239347294,-0.9275409243012062,43,5,flight
687,Erika,Stone,f,1953-04-16,Paris,48.85660037259063,2.342805032028295,12,3,train
688,Karen,Hudson,f,1982-05-16,Haringey,51.59036135236244,-0.1074170024760148,27,6,flight
689,Devin,Baldwin,m,1993-12-23,Roma,41.88561543435591,12.46086161630812,26,12,train
690,Brenda,Sullivan,f,1945-10-20,Drobeta-Turnu Severin,44.66684995274754,22.575422146224884,13,16,train
691,Amanda,Garcia,f,1947-03-27,CA de Seine Essonne,48.61658937408906,2.4782470349389474,16,0,train
692,Christina,Porter,f,1956-02-01,Maastricht,50.852980875918696,5.699495529708517,13,19,train
693,Joseph,Stevens,x,1973-12-02,Vlaardingen,51.91739786674285,4.327911513543885,17,12,train
694,Victoria,Anderson,f,1960-01-06,Marseille,43.307875405980376,5.421837583654458,26,8,train
695,Joshua,Moore,m,2000-09-14,Craiova,44.32451045725148,23.787717653541428,25,11,train
696,Rachel,Howard,x,1989-11-28,Evreux,49.02350136768332,1.1532275269257581,17,11,train
697,Donald,Livingston,x,1950-10-15,Sevilla,37.392285400539635,-5.956866406958571,14,3,flight
698,Tracy,Hess,f,1945-01-11,Suceava,47.67008595198876,26.263315652464954,15,22,train
699,Kyle,Bradley,m,1976-08-02,Castellón de la Plana/Castelló de la Plana,39.99805590449294,-0.04474341247375672,0,4,train
700,Andrea,Pierce,f,1946-12-16,Mannheim,49.49939039089092,8.50036605281845,10,20,train
701,Sarah,Johnson,f,1949-09-12,Oslo,59.981183359188414,10.739263454189668,4,9,train
702,Regina,Bryan,f,2003-10-25,Salford,53.4895863355024,-2.3701020310647447,28,0,flight
703,Timothy,Collins,m,2005-11-13,Stara Zagora,42.42813646989186,25.623180167866323,39,4,train
704,Gabriel,Williams,m,1982-05-02,Flensburg,54.7849948749169,9.43853050954255,18,12,train
705,Kelly,Bell,f,1961-07-09,Wirral,53.36325183289895,-3.0697225314221166,15,3,train
706,Linda,Martinez,f,1958-05-06,Zürich,47.38273439984919,8.530693069154056,24,1,flight
707,James,Wong,m,1963-06-17,Paris,48.85660037259063,2.342805032028295,23,15,train
708,Brandon,Camacho,m,1968-11-07,Espoo / Esbo,60.24006840279773,24.668580555519668,18,1,train
709,Eric,Morris,m,1961-05-01,City of Edinburgh,55.92440532063169,-3.288439064549801,29,5,train
710,William,Obrien,m,1952-09-04,Hounslow,51.46839035135398,-0.36687500212093005,7,12,train
711,Diana,Mendez,f,1975-02-19,Wycombe,51.64924784911602,-0.8151885049433943,28,19,train
712,Brittany,Carson,f,1973-04-07,'s-Gravenhage,52.06846386666703,4.300611511666192,12,14,train
713,Gwendolyn,Conley,f,1961-02-08,Castellón de la Plana/Castelló de la Plana,39.99805590449294,-0.04474341247375672,26,11,train
714,Ryan,Lucero,m,1998-04-11,Tübingen,48.52770639644928,9.0479365620779,29,2,train
715,Kristi,Norris,f,1981-03-22,Parma,44.79366391541514,10.327611592076831,28,10,train
716,Michael,Rodriguez,m,1975-09-17,Doncaster,53.54438283953627,-1.095641526346459,12,10,train
717,Vanessa,Murphy,f,1984-12-26,Recklinghausen,51.60496487914513,7.213222529776251,16,8,flight
718,Matthew,Hancock,m,1988-04-16,Udine,46.06405592021066,13.2455665968825,2,0,train
719,Luke,Rogers,m,1979-04-18,Milano,45.46844740918378,9.1729385842972,28,5,train
720,Tiffany,Hardy,f,1981-02-11,Tilburg,51.57964687107173,5.068520520142195,27,8,flight
721,Eric,Roberts,m,1958-05-18,Berlin,52.501530896616806,13.401850553093169,5,0,train
722,Andrew,Rodriguez,m,1993-08-09,Algeciras,36.106560409881666,-5.479430898831673,28,4,flight
723,Bradley,Sanders,m,1964-10-18,Jena,50.92425789590285,11.587025555867543,0,10,train
724,Steven,Garcia,m,1975-08-16,Dijon,47.30757738828487,5.051027555580588,6,6,train
725,Nathan,Porter,m,1963-04-14,Badalona,41.46186490455934,2.236704085113816,9,1,flight
726,Calvin,Johnson,m,1948-12-01,Croydon,51.355340853150445,-0.0870919996031656,35,3,flight
727,Brendan,Holloway,m,1944-09-17,Swansea,51.64322833674144,-4.051795515562554,17,0,train
728,Jared,Miles,m,1982-01-16,Vitoria/Gasteiz,42.850407382116266,-2.687884436724892,37,7,train
729,Anthony,Reyes,m,1954-01-06,Norrköping,58.59776288325021,16.287846510223243,40,12,train
730,Meredith,Hayes,f,1952-07-18,Bordeaux,44.879346379245696,-0.6311789451725183,30,25,train
731,Craig,Aguilar,x,1947-08-09,Suceava,47.67008595198876,26.263315652464954,24,12,train
732,Anthony,George,m,1960-08-29,Belfast,54.602691316162876,-5.941386556866212,32,15,train
733,Jennifer,Miller,f,1976-07-22,Toulon,43.11990090877171,6.040283086365885,17,13,train
734,Kristen,Suarez,f,1950-12-23,Stockholm,59.321282886348065,17.993315014119414,24,2,flight
735,Linda,Alexander,f,1987-09-06,City of Edinburgh,55.92440532063169,-3.288439064549801,28,13,train
736,Thomas,Guzman,m,1979-02-01,Udine,46.06405592021066,13.2455665968825,16,14,train
737,Jordan,Cooper,m,1954-03-08,Thanet,51.35427235850968,1.3379110066011453,27,3,train
738,Latoya,Cox,f,1994-11-12,Albi,43.91192689287589,2.155054068989138,21,6,flight
739,Michael,Parker,m,1970-06-12,Toulouse,43.627354391889114,1.4132455691666788,26,11,train
740,Courtney,West,f,1947-06-16,Lübeck,53.87249788208028,10.72754902659134,38,5,flight
741,Angela,Odonnell,f,1966-01-03,Sindelfingen,48.71228889584322,9.004088061300617,18,17,train
742,Timothy,Norman,m,1995-06-14,Palermo,38.13025245236106,13.331011134941448,-12,18,train
743,Jason,Clark,m,1976-08-10,Bielefeld,52.01097388211251,8.540624531567802,2,4,flight
744,Kelsey,Key,f,1969-11-30,Oberhausen,51.513128377845206,6.847115028181039,12,3,flight
745,Kevin,Diaz,m,1967-06-21,Lyon,45.75795939368164,4.856702566124633,26,11,train
746,Daniel,Kelly,m,1956-01-07,Witten,51.42741487983642,7.331019031214043,29,9,train
747,William,Serrano,m,1971-11-01,Enschede,52.22081537503604,6.877777022230609,21,2,flight
748,Deanna,Munoz,f,1982-06-22,Greenwich,51.47282485269071,0.05630350012260533,19,1,train
749,Crystal,Valdez,f,1948-12-21,Wien,48.20843842145425,16.377868099114387,22,23,train
750,Danny,Walker,m,1970-11-13,Antwerpen,51.26056286963082,4.369609020208494,15,0,flight
751,Logan,Lynn,m,1986-05-31,Madrid,40.465380890314236,-3.696280422676111,18,4,flight
752,Matthew,Chambers,m,1968-08-22,Guimarães,41.46087787147616,-8.315554936715781,13,18,train
753,Jeff,Roberts,m,1987-02-16,Hillingdon,51.54154735096049,-0.44562450210033067,18,5,train
754,Sabrina,Delacruz,f,1990-11-27,Antwerpen,51.26056286963082,4.369609020208494,25,3,flight
755,Stephanie,Pratt,f,1961-11-04,Oradea,47.06730444258158,21.92135563383464,8,14,train
756,Steven,Perkins,m,1963-04-17,Esslingen am Neckar,48.74129239665477,9.326524062338043,13,0,train
757,Johnny,Palmer,m,1951-12-07,Barcelona,41.40100090411096,2.150637084471251,27,6,train
758,Elizabeth,Mclaughlin,x,1963-07-12,Praha,50.06679040878253,14.466016578335703,13,15,train
759,Candace,Wood,f,1996-12-31,Bucureşti,44.441482963296046,26.087619164024186,7,13,train
760,John,Flores,m,1972-02-06,Kaunas,54.89930642044836,23.9323405989904,30,0,flight
761,Kevin,Young,m,1967-10-09,København,55.67543938195679,12.552657018524194,1,17,train
762,George,Kennedy,m,1971-12-08,Saint-Brieuc,48.49921785565733,-2.7719289819654294,31,2,flight
763,Jeffrey,Brown,x,1994-08-04,Warszawa,52.229342421404866,21.047727599631816,28,9,train
764,Nicholas,Cooper,m,1967-02-26,Recklinghausen,51.60496487914513,7.213222529776251,10,7,flight
765,Victor,Frye,m,1951-03-27,Sofia,42.70551696319418,23.3597601566759,33,1,flight
766,Evan,Scott,m,1962-12-23,Vila Franca de Xira,38.92999988316863,-8.982381919363245,20,2,flight
767,Jared,Prince,m,1965-02-27,Würzburg,49.78465589502347,9.940895557516175,25,1,train
768,Cory,Gutierrez,m,1962-05-08,Köln,50.94566738051823,6.973237033864535,24,13,train
769,Tara,Richards,f,1976-11-27,Lyon,45.75795939368164,4.856702566124633,16,10,train
770,Bernard,Arnold,x,2004-06-27,Bucureşti,44.441482963296046,26.087619164024186,33,3,train
771,Charles,Clark,x,2003-05-10,Liverpool,53.40398783305454,-2.916680032037473,17,2,flight
772,Ryan,Hamilton,m,1993-03-16,Cádiz,36.49430590504107,-6.266364402605647,22,11,train
773,Denise,Cobb,f,1980-05-29,Madrid,40.465380890314236,-3.696280422676111,15,10,train
774,Timothy,Santos,m,1946-12-28,Sintra,38.82302938270648,-9.357662420081489,27,12,train
775,Taylor,Barnes,x,1947-05-02,Wolverhampton,52.58920034000332,-2.1209780194068983,21,15,train
776,Lisa,Torres,f,1948-11-04,Berlin,52.501530896616806,13.401850553093169,14,12,train
777,Mckenzie,Moore,f,1947-06-20,Aberdeen City,57.157172820396234,-2.1861495774167183,19,17,train
778,Robin,Schwartz,f,1955-03-15,Newport,51.579429341104436,-2.9658300123487784,6,10,train
779,Bradley,Macdonald,m,1952-05-08,Berlin,52.501530896616806,13.401850553093169,30,2,train
780,Tyler,Thompson,m,1976-12-30,Helsingborg,56.06592638177117,12.78647051602282,20,6,flight
781,Jeffrey,Sandoval,m,1966-08-21,Košice,48.70355143408725,21.228480121550373,23,1,flight
782,Brooke,Huynh,f,1955-07-16,Aschaffenburg,49.96385639148349,9.145813551996337,5,7,flight
783,Lisa,Pham,f,1977-09-08,Hastings,50.86989585761608,0.5705575084465447,39,6,train
784,Kevin,Lowe,m,1986-11-12,'s-Gravenhage,52.06846386666703,4.300611511666192,32,22,train
785,Albert,Whitaker,m,1958-09-06,Sosnowiec,50.276207422875544,19.192917101481143,29,18,train
786,Amy,Hudson,f,1973-10-16,Roma,41.88561543435591,12.46086161630812,24,1,flight
787,Jessica,Vaughan,f,1975-04-02,Madrid,40.465380890314236,-3.696280422676111,-3,3,train
788,Lawrence,Mclaughlin,m,1985-01-08,Cottbus,51.77269040280136,14.366279564981237,26,14,train
789,Jennifer,Jones,f,1959-10-04,Grenoble,45.14822939899123,5.686440073058086,6,4,train
790,Patricia,Edwards,f,2001-10-22,Sosnowiec,50.276207422875544,19.192917101481143,17,4,flight
791,Lori,Watson,f,1976-03-07,Dublin,53.35916231997213,-6.258341542015994,25,14,train
792,Jennifer,Caldwell,f,1998-04-09,Paris,48.85660037259063,2.342805032028295,20,2,flight
793,Carl,Phillips,m,1959-03-08,Poznań,52.40647840859984,16.92309157376048,9,4,train
794,Julia,Hernandez,f,1993-04-09,Lyon,45.75795939368164,4.856702566124633,29,16,train
795,Daniel,Castillo,m,1982-12-14,Zwickau,50.728460899760066,12.481333062422173,26,15,train
796,Donna,Jones,f,1981-03-26,Valencia,39.41977690574208,-0.35983990923487325,34,4,flight
797,Ronald,Arnold,m,1955-04-20,Oslo,59.981183359188414,10.739263454189668,18,5,flight
798,Willie,Mitchell,m,1965-05-30,Castellón de la Plana/Castelló de la Plana,39.99805590449294,-0.04474341247375672,24,5,train
799,Catherine,Molina,x,2005-03-04,Bochum,51.46995537964628,7.224981530667992,23,11,train
800,Cheyenne,Warner,f,2001-05-01,Caen,49.20334786114989,-0.34953197927652935,9,8,train
801,Janet,Clark,f,1952-03-06,Düsseldorf,51.23549487861018,6.810182031372937,50,6,flight
802,Paul,Lewis,m,1969-02-22,Lille,50.65001386778346,3.047986019489509,17,6,flight
803,Scott,Bass,m,1978-05-07,St Albans,51.77205385077409,-0.34242300491220157,29,7,train
804,Brian,Peterson,m,1984-06-20,Piacenza,45.04142091252291,9.717831588105645,9,4,flight
805,Lisa,Arnold,f,1949-02-20,Northampton,52.24126234652391,-0.8868510111423317,17,8,flight
806,Jose,Rangel,m,1953-01-30,Dijon,47.30757738828487,5.051027555580588,30,16,train
807,Phillip,Fletcher,m,1967-06-07,City of Edinburgh,55.92440532063169,-3.288439064549801,10,4,train
808,Sarah,Riddle,f,1956-11-10,Bruxelles / Brussel,50.836054371263224,4.370656523535053,10,12,train
809,Joshua,Hardy,m,1986-06-28,Tallinn,59.42500940617369,24.743656064905927,24,13,train
810,Kristen,York,f,1967-01-01,Roma,41.88561543435591,12.46086161630812,19,14,train
811,George,Crawford,m,1972-07-21,Hamburg,53.54765288129551,10.011885524725471,27,3,flight
812,Dawn,Park,f,1997-10-16,Terrassa,41.57530590297708,2.0081330832306303,17,11,train
813,Adam,Fritz,m,1961-05-15,Torino,45.071739405866,7.678005080342866,17,12,train
814,Robert,Duncan,m,1973-05-21,Badajoz,38.87053889027136,-6.850907917165126,10,9,train
815,Cindy,Taylor,f,1997-09-19,Angers,47.49312486771021,-0.5810319664278287,27,15,train
816,Keith,Michael,m,2006-04-11,Lille,50.65001386778346,3.047986019489509,24,2,flight
817,Janice,Baker,f,2000-07-24,Pleven,43.40670796305364,24.618921160578704,22,9,train
818,Matthew,Cabrera,m,1954-01-25,Kalamata,37.072808983022306,22.181474166850766,22,18,train
819,Donna,Smith,f,1975-11-25,Brescia,45.53257591207938,10.225977587344559,1,0,flight
820,Zachary,Nguyen,m,2000-12-16,Århus,56.16269187195881,10.157502999381077,42,16,train
821,Daniel,Holmes,m,1972-10-25,Tours,47.373853372297425,0.6137315392015323,22,16,train
822,Mathew,Nelson,x,1996-08-05,Lewisham,51.44812135330466,-0.020166499556080755,22,13,train
823,Jonathan,Yang,m,1948-11-10,Solihull,52.413119842622514,-1.7270700161970738,25,5,train
824,Carol,Evans,f,1987-07-27,Bratislava,48.14883742385323,17.119099104066112,24,8,train
825,Melissa,Bell,f,1979-07-03,Duisburg,51.43959237765366,6.7347795282464915,40,8,train
826,Lauren,Williams,f,1992-10-06,Brive-la-Gaillarde,45.17146838508353,1.510604057882515,18,11,train
827,Christine,Kaiser,f,2001-08-03,Nîmes,43.80736490091554,4.378942077242337,25,14,train
828,Victoria,Dean,x,1953-01-15,Utrecht,52.09112536945283,5.074702514680781,17,23,train
829,Jamie,Wright,f,1965-07-25,Montpellier,43.615608899928596,3.863217075771536,18,3,flight
830,Shannon,Palmer,f,1988-11-25,Sefton,53.54991833246882,-3.0039125331910292,23,0,train
831,Christina,Moon,f,1960-04-19,Roma,41.88561543435591,12.46086161630812,8,6,train
832,Janice,Griffin,x,1960-10-19,Cheshire West and Chester,53.16774733505537,-2.8410290287125264,10,1,train
833,Jason,Lynch,m,2001-10-30,Logroño,42.463664384177186,-2.4539619330134617,25,0,train
834,Katherine,Harmon,f,2004-02-24,Valladolid,41.66161388072258,-4.7772079323302865,12,3,flight
835,Andrew,Trujillo,m,1979-06-22,Newcastle-under-Lyme,52.993242337519995,-2.3187045255928536,25,9,train
836,Ashley,Booker,f,1972-09-06,Trondheim,63.38246334278175,10.373130894523886,15,1,train
837,Joshua,Bryant,m,2004-11-08,Caserta,41.08744944266304,14.357478125979526,37,2,train
838,John,Navarro,x,1978-10-22,Kraków,50.0531569263703,19.985059607469502,4,0,train
839,Sarah,Mcdonald,f,1976-02-26,Granada,37.185699408742785,-3.5914029025348517,17,11,train
840,Alicia,Harris,f,1974-07-20,Chemnitz,50.82634040128421,12.9117920642305,33,4,flight
841,David,Edwards,m,1970-02-01,Móstoles,40.318624891242656,-3.8901309216716315,7,0,flight
842,Lisa,White,f,1996-02-17,Warszawa,52.229342421404866,21.047727599631816,19,3,train
843,Claudia,Harris,f,1953-03-29,Wien,48.20843842145425,16.377868099114387,9,20,train
844,Tina,Young,f,1980-07-29,Tychy,50.123069423128634,19.00244560157804,14,7,train
845,Kelsey,Gregory,x,1969-06-10,Bruxelles / Brussel,50.836054371263224,4.370656523535053,32,14,train
846,Matthew,Mullins,m,1998-10-31,Bucureşti,44.441482963296046,26.087619164024186,7,27,train
847,Lisa,Thompson,f,1951-09-01,Coventry,52.41687734352867,-1.5197780156424332,38,5,train
848,Christina,Rios,f,2000-06-29,Alicante/Alacant,38.382946411094196,-0.5377914037629685,20,15,train
849,Samantha,Hodges,x,1987-12-03,Grenoble,45.14822939899123,5.686440073058086,15,15,train
850,Garrett,Hoffman,m,1981-08-24,North Lanarkshire (Airdrie/Bellshill/Coatbridge/Motherwell),55.87491281878234,-3.948343066123857,24,19,train
851,Selena,Martinez,f,1981-04-27,Klaipėda,55.70765640971808,21.15206307358489,-4,8,train
852,Alexis,Gray,f,1972-12-27,Cornellà de Llobregat,41.35528940456534,2.076875584854104,23,3,flight
853,Tina,Lewis,f,1996-06-01,München,48.15320390650567,11.547254076048949,14,30,train
854,Jason,Jones,m,1971-08-29,Charleville-Mézières,49.775903377403566,4.732170033829975,26,5,train
855,Samantha,Adams,x,1980-10-28,Lille,50.65001386778346,3.047986019489509,13,22,train
856,Colleen,Jenkins,f,2007-06-04,Malmö,55.56578938423993,13.019107022899528,24,8,flight
857,Beth,Woods,f,1986-06-25,Dortmund,51.51619438001541,7.474918531446702,28,2,train
858,Brandon,Ramirez,m,1953-07-24,Oberhausen,51.513128377845206,6.847115028181039,13,8,train
859,Kimberly,Torres,f,1957-07-26,Lyon,45.75795939368164,4.856702566124633,12,17,train
860,Anthony,Garcia,m,2003-09-01,Torino,45.071739405866,7.678005080342866,20,14,train
861,Jeffrey,Robles,m,1961-10-28,Budapest,47.48387093258584,19.107573117792477,25,0,train
862,Tonya,Choi,f,2000-01-26,Liverpool,53.40398783305454,-2.916680032037473,10,7,train
863,Brian,Cook,m,1977-11-28,Genova,44.44156991244938,8.89315058906256,25,6,flight
864,Brenda,Hawkins,f,1959-06-13,Ancona,43.57271542999774,13.491882111664147,40,12,train
865,Melissa,Morrow,f,1957-02-02,Harrow,51.59772385154827,-0.34120050270204433,24,14,train
866,Lori,Sampson,x,1954-06-26,Nottingham,52.960635842004024,-1.1764805207413322,15,2,train
867,Melissa,Burton,f,1975-02-14,Cheltenham,51.89701884329065,-2.074019012500411,7,4,train
868,Jade,Schmidt,f,1973-01-28,Bochum,51.46995537964628,7.224981530667992,8,14,train
869,Michael,Waller,m,1966-09-18,Barcelona,41.40100090411096,2.150637084471251,17,10,train
870,Monica,Garcia,f,1998-09-26,Warwick,52.31002834331093,-1.584655014470066,19,3,train
871,Jamie,Patterson,m,1968-02-13,Osnabrück,52.27766837931611,8.04696802674818,27,14,train
872,Laura,Mills,f,1953-06-26,Toulouse,43.627354391889114,1.4132455691666788,9,9,train
873,Tracie,Beck,x,2005-07-18,Gyõr,47.6776584277145,17.663745609003414,32,3,train
874,Mitchell,Anderson,m,1979-11-06,Angers,47.49312486771021,-0.5810319664278287,18,0,train
875,Elizabeth,Foster,f,1991-06-06,Havířov,49.7856654226444,18.439033099998888,34,2,flight
876,Jonathan,Roach,m,2005-04-21,Lisboa,38.74164388366548,-9.15756241859606,10,15,train
877,Kristine,Conner,f,2007-04-25,Salerno,40.6778534456721,14.810277129442747,9,3,train
878,Scott,Cabrera,m,1962-02-21,Székesfehérvár,47.189742931786576,18.444751115178878,9,20,train
879,Keith,Butler,m,1983-03-06,Newcastle-under-Lyme,52.993242337519995,-2.3187045255928536,37,2,flight
880,Steven,Harrison,m,1965-04-28,Girona,41.98476290368926,2.835466583068038,5,8,flight
881,Michael,Flynn,x,1986-04-04,Le Havre,49.52896086187299,0.17839151823621702,17,6,train
882,Lindsey,Velasquez,f,1984-02-28,Hannover,52.37949938499312,9.769702535193039,15,30,train
883,Ashley,Sherman,f,1967-03-18,Barcelona,41.40100090411096,2.150637084471251,3,12,train
884,Colton,Perez,m,1958-12-15,Rzeszów,50.022219431692996,21.995817618245265,6,11,train
885,Kenneth,Brennan,m,1986-10-28,Heidelberg,49.40551389271546,8.694181054770484,41,13,train
886,Kendra,Hall,f,2003-07-28,Milano,45.46844740918378,9.1729385842972,20,1,flight
887,Colin,Burke,m,1999-02-28,Madrid,40.465380890314236,-3.696280422676111,26,7,train
888,Frederick,Clark,m,1966-01-09,Braunschweig,52.27524588754991,10.524133540281484,17,6,flight
889,Tony,Brown,m,1989-09-13,Wandsworth,51.45136985193453,-0.18635500010782682,16,6,flight
890,Timothy,King,x,1994-05-31,Darmstadt,49.8815728901777,8.664752551021781,11,5,train
891,Laura,Rivers,f,1954-03-02,Le Mans,47.98873236845262,0.21106103231656625,27,2,train
892,Jesse,Key,m,1952-10-20,Zagreb,45.80990792970964,16.000011611245,9,2,flight
893,Steven,Aguirre,x,1953-11-18,Walsall,52.59929134032556,-1.9663115191899005,22,11,train
894,Carlos,Dalton,m,1977-07-31,Bristol,51.46678434264838,-2.600707508820417,23,28,train
895,Amy,Martinez,f,1957-09-17,Hartlepool,54.66943883467844,-1.2588110401573294,26,4,flight
896,Kayla,Christensen,f,1950-09-15,Eindhoven,51.45002537316682,5.458861022635117,18,2,flight
897,Emily,Ramirez,f,1974-11-23,Slough,51.50840185040176,-0.5861855029988364,-4,12,train
898,Caitlin,Dalton,f,1989-09-16,Praha,50.06679040878253,14.466016578335703,13,13,train
899,James,Santiago,m,2004-05-21,Rennes,48.100654361153055,-1.692979474591145,19,24,train
900,Kristy,Riggs,f,2004-02-02,Bath and North East Somerset,51.35597684399286,-2.475192507717819,24,15,train
901,Kevin,Huynh,m,1961-02-13,Córdoba,37.84926040197261,-4.701797908139346,31,2,flight
902,Thomas,Jimenez,m,1974-07-31,Wuppertal,51.25060738029886,7.168951032921459,39,3,train
903,Richard,Winters,m,1990-06-16,Wien,48.20843842145425,16.377868099114387,26,0,train
904,Chelsea,Morris,f,1987-10-03,Faro,37.05513539756149,-7.918355906926212,-6,2,train
905,Tiffany,Thomas,f,1989-06-25,Bournemouth,50.741775349074196,-1.8578279989704416,31,7,flight
906,Jonathan,Rice,m,1949-11-10,Århus,56.16269187195881,10.157502999381077,38,24,train
907,Brian,Jones,m,2007-04-10,South Tyneside,54.96290233287376,-1.444307044877667,10,2,flight
908,Elizabeth,Lyons,f,1992-09-20,Northampton,52.24126234652391,-0.8868510111423317,0,5,flight
909,Kelly,Mahoney,f,1960-02-20,Kraków,50.0531569263703,19.985059607469502,1,5,train
910,Edward,Nielsen,x,1950-07-10,Roma,41.88561543435591,12.46086161630812,16,1,train
911,Cameron,Kim,m,1965-09-21,Århus,56.16269187195881,10.157502999381077,21,9,train
912,Amy,Hodges,f,2000-06-27,Székesfehérvár,47.189742931786576,18.444751115178878,23,12,train
913,Ashley,Ponce,f,1956-04-05,Rouen,49.413053365082355,1.02747902247825,20,27,train
914,Rachel,Frank,f,1997-07-14,Wien,48.20843842145425,16.377868099114387,-2,8,train
915,Susan,Patterson,f,1956-05-27,Málaga,36.76757990911765,-4.424080401799079,31,8,train
916,Jeremiah,Walters,m,1979-07-20,Bristol,51.46678434264838,-2.600707508820417,15,9,train
917,Bradley,Thompson,m,1966-01-17,Dublin,53.35916231997213,-6.258341542015994,23,4,flight
918,Randy,Johnson,m,1947-07-09,Halle an der Saale,51.47979639510236,11.96850205351074,22,13,train
919,Michael,Lamb,m,1967-11-01,Nottingham,52.960635842004024,-1.1764805207413322,5,8,train
920,Jon,Hanson,m,1977-05-26,Nijmegen,51.83877787308041,5.8368745210673945,19,28,train
921,Barbara,York,f,1999-02-13,Lyon,45.75795939368164,4.856702566124633,24,11,train
922,Sara,Patterson,f,1956-07-02,Köln,50.94566738051823,6.973237033864535,25,11,train
923,Brandon,Gibson,m,1951-12-10,Vitoria/Gasteiz,42.850407382116266,-2.687884436724892,29,5,train
924,Sean,Reyes,m,1989-07-18,Lleida,41.63132989830679,0.5814230789364093,16,6,flight
925,Melissa,Stokes,f,1988-10-26,Thurrock,51.509150853817516,0.36788350062005254,7,2,flight
926,Wayne,Watts,m,1985-06-07,Trafford,53.41905033535491,-2.355308029952455,22,16,train
927,Amanda,Carter,f,1948-09-23,Greifswald,54.088827890986025,13.41406853971895,25,2,train
928,Brandi,Moss,f,1944-09-30,Luton,51.894219349351495,-0.4255670056004259,25,14,train
929,Elizabeth,Calderon,f,1952-03-04,Havering,51.56439735328485,0.2211954992455515,3,0,train
930,Edward,Khan,m,1988-02-14,Sibiu,45.79751195304158,24.14051764971376,14,2,train
931,Trevor,Roy,m,1950-07-10,Esslingen am Neckar,48.74129239665477,9.326524062338043,20,12,train
932,Samantha,Roth,f,2003-11-07,Zwickau,50.728460899760066,12.481333062422173,1,6,train
933,Natalie,Morgan,f,1986-12-14,Kladno,50.14862290778089,14.111100074941618,18,11,train
934,Michael,Patterson,m,1960-12-11,Hamburg,53.54765288129551,10.011885524725471,15,10,train
935,Douglas,Williams,m,1945-06-19,Hamburg,53.54765288129551,10.011885524725471,27,24,train
936,Patrick,Morris,m,1997-11-13,Galaţi,45.48782846568037,28.079457170022327,17,2,train
937,Makayla,Rivera,f,1947-05-29,Murcia,37.92159091165832,-1.1071629023272456,15,21,train
938,Karen,Gilmore,x,1997-03-27,Merton,51.40994985220742,-0.19723899973846512,4,11,train
939,Linda,Leon,f,1975-08-31,Varna,43.20340497316684,27.916832175277843,14,11,train
940,Charles,Smith,m,1972-09-08,Lyon,45.75795939368164,4.856702566124633,30,0,flight
941,William,Baker,m,1984-04-25,Espoo / Esbo,60.24006840279773,24.668580555519668,16,9,train
942,Stephanie,Stark,x,1959-10-24,Breda,51.5847618702555,4.761253517883811,20,10,train
943,Jason,Young,x,1949-05-25,Rīga,56.97808391285029,24.122314583343496,57,0,flight
944,Hunter,Berg,m,1953-04-10,Alicante/Alacant,38.382946411094196,-0.5377914037629685,26,6,train
945,Jennifer,White,f,1956-11-08,Ostrava,49.81409242160593,18.246209598864205,22,2,train
946,Susan,Castillo,f,1993-09-23,Sant Boi de Llobregat,41.335034903991556,2.0421400853161833,11,19,train
947,Amanda,Johnson,f,1980-11-28,Umeå,63.932844374440805,20.213332966201392,36,10,train
948,Ryan,Terry,m,1971-06-29,Stara Zagora,42.42813646989186,25.623180167866323,34,12,train
949,Donald,Clarke,m,1945-01-02,Burgos,42.351461380724395,-3.6820864352715788,31,0,flight
950,Sarah,Smith,f,1992-04-02,Rennes,48.100654361153055,-1.692979474591145,22,4,flight
951,Michael,Ramirez,m,1954-08-14,Firenze,43.77995842256664,11.244961101413736,-3,3,flight
952,Christine,Thomas,f,1999-04-21,Milano,45.46844740918378,9.1729385842972,32,2,train
953,Daniel,Bolton,m,1977-10-03,Islington,51.548450852176295,-0.11019650107428684,7,10,train
954,Jonathan,Moore,m,1998-08-10,Mulhouse,47.77093639414953,7.3300340603388845,36,8,flight
955,Angel,Webb,f,1947-10-23,Hamburg,53.54765288129551,10.011885524725471,16,6,flight
956,Scott,Vaughn,m,1985-12-14,Plzeň,49.740200906877654,13.372881574013196,16,3,train
957,Bradley,Williams,m,1960-10-29,Vila Franca de Xira,38.92999988316863,-8.982381919363245,36,18,train
958,Roger,Hoffman,m,1986-06-06,Flensburg,54.7849948749169,9.43853050954255,6,14,train
959,Michael,Pierce,m,1981-05-10,Forlì,44.22741842363969,12.04982910304376,20,2,train
960,James,James,m,1956-06-13,Zwickau,50.728460899760066,12.481333062422173,17,11,train
961,Randy,Rogers,m,2007-06-26,Wien,48.20843842145425,16.377868099114387,16,11,train
962,James,Ramirez,x,1967-09-07,Münster,51.95436887888235,7.623639027461885,15,10,train
963,Angela,Obrien,f,1975-05-04,Lund,55.667877384535906,13.373142523609287,-3,5,flight
964,Timothy,Cooper,m,1958-05-04,North East Lincolnshire,53.54266884398788,-0.13845002264753664,27,1,flight
965,John,Knight,m,1950-07-19,Saarbrücken,49.23980838684572,7.006883047778631,21,16,train
966,Lisa,Huffman,f,1996-11-16,Torino,45.071739405866,7.678005080342866,22,0,train
967,Matthew,Wilson,m,1951-05-01,Ashford,51.12531385780505,0.8114770067612115,25,25,train
968,Catherine,Macias,f,1950-06-25,Tameside,53.47751233683913,-2.0627595296767596,17,9,train
969,Andrew,Gutierrez,m,1978-09-21,Olsztyn,53.78172941380158,20.474153085028558,30,13,train
970,Christopher,Clark,m,1963-12-23,Reggio di Calabria,38.112779459610636,15.718228641949086,14,1,train
971,Ashley,Scott,f,1963-07-11,Pau,43.2826853876567,-0.3722204338706744,14,5,train
972,Gabriel,Wall,m,1946-11-13,Biel/Bienne,47.14912339604931,7.261081565208611,35,5,train
973,Jennifer,Roberts,f,1964-01-29,Hagen,51.348172880762114,7.497630032724374,20,17,train
974,Erin,Cunningham,f,1964-09-28,Praha,50.06679040878253,14.466016578335703,35,3,train
975,Wanda,Brown,f,1963-03-11,Ravenna,44.412846923011635,12.193155602555416,37,3,flight
976,Corey,Silva,m,1966-05-13,Viana do Castelo,41.717028368047124,-8.759366939305364,33,1,train
977,Ryan,Thompson,m,2003-12-06,Vitoria/Gasteiz,42.850407382116266,-2.687884436724892,7,8,flight
978,Jeffrey,Madden,m,1980-05-18,Dublin,53.35916231997213,-6.258341542015994,17,11,train
979,Bonnie,Cruz,x,1991-08-18,Oulu / Uleåborg,65.03555638725337,26.14643950534666,19,0,flight
980,Kimberly,Hale,f,2003-08-27,Sassari,40.74465292593446,8.364321607548721,2,7,flight
981,Brian,Parker,m,1980-04-09,Belfast,54.602691316162876,-5.941386556866212,23,5,train
982,James,Navarro,m,1985-10-06,Spijkenisse,51.838545867575945,4.342618513503687,7,5,flight
983,Kevin,Love,m,1951-04-05,Wrexham,52.990287834743,-3.017711527228094,12,8,flight
984,Katie,Suarez,f,1974-01-26,Hagen,51.348172880762114,7.497630032724374,5,4,flight
985,Heather,Brown,f,2004-08-06,Madrid,40.465380890314236,-3.696280422676111,14,17,train
986,Shannon,Gibson,m,1967-04-06,Sofia,42.70551696319418,23.3597601566759,28,1,train
987,Samantha,Harvey,f,1963-09-09,Marseille,43.307875405980376,5.421837583654458,9,16,train
988,David,Johnson,m,1999-09-18,Espoo / Esbo,60.24006840279773,24.668580555519668,33,17,train
989,Stacy,Davidson,f,1990-11-07,Wycombe,51.64924784911602,-0.8151885049433943,28,12,train
990,Katie,Carpenter,f,2007-05-06,Madrid,40.465380890314236,-3.696280422676111,32,11,train
991,Marcia,Moody,f,2007-01-10,Bytom,50.36360042138699,18.877542099010363,9,5,train
992,Donald,Nicholson,m,1944-10-14,Hamburg,53.54765288129551,10.011885524725471,25,36,train
993,Justin,Flores,x,1964-12-03,Leverkusen,51.053108379966275,7.015400532717327,29,7,flight
994,Kenneth,Santiago,m,1982-05-10,Västerås,59.62824738024261,16.567302499886754,7,2,train
995,Katie,Garza,f,1982-06-16,Reims,49.25769537696449,4.03589553518779,22,1,flight
996,William,Hayden,m,2003-12-26,Bordeaux,44.879346379245696,-0.6311789451725183,22,1,train
997,Samuel,Martin,m,1962-05-21,Birmingham,52.48866284172209,-1.8746500173981087,7,5,flight
998,Marco,Brooks,m,1957-11-24,Brive-la-Gaillarde,45.17146838508353,1.510604057882515,15,7,train
999,Kayla,Reed,x,1986-05-15,Larisa,39.64421147199142,22.40558016154085,20,14,train
